
*** Running vivado
    with args -log mac_udp_design_smartconnect_0_1.vds -m64 -product Vivado -mode batch -messageDb vivado.pb -notrace -source mac_udp_design_smartconnect_0_1.tcl



****** Vivado v2024.2 (64-bit)
  **** SW Build 5239630 on Fri Nov 08 22:35:27 MST 2024
  **** IP Build 5239520 on Sun Nov 10 16:12:51 MST 2024
  **** SharedData Build 5239561 on Fri Nov 08 14:39:27 MST 2024
  **** Start of session at: Tue Jun 24 13:05:08 2025
    ** Copyright 1986-2022 Xilinx, Inc. All Rights Reserved.
    ** Copyright 2022-2024 Advanced Micro Devices, Inc. All Rights Reserved.

source mac_udp_design_smartconnect_0_1.tcl -notrace
INFO: [IP_Flow 19-234] Refreshing IP repositories
INFO: [IP_Flow 19-1700] Loaded user IP repository 'c:/Users/gsfei/OneDrive/Desktop/networkaccel_project/ip_repo/mac_filter_1_0'.
INFO: [IP_Flow 19-2313] Loaded Vivado IP repository 'C:/Xilinx/Vivado/2024.2/data/ip'.

*** Running vivado
    with args -log mac_udp_design_smartconnect_0_1.vds -m64 -product Vivado -mode batch -messageDb vivado.pb -notrace -source mac_udp_design_smartconnect_0_1.tcl



****** Vivado v2024.2 (64-bit)
  **** SW Build 5239630 on Fri Nov 08 22:35:27 MST 2024
  **** IP Build 5239520 on Sun Nov 10 16:12:51 MST 2024
  **** SharedData Build 5239561 on Fri Nov 08 14:39:27 MST 2024
  **** Start of session at: Tue Jun 24 13:07:02 2025
    ** Copyright 1986-2022 Xilinx, Inc. All Rights Reserved.
    ** Copyright 2022-2024 Advanced Micro Devices, Inc. All Rights Reserved.

source mac_udp_design_smartconnect_0_1.tcl -notrace
INFO: [IP_Flow 19-234] Refreshing IP repositories
INFO: [IP_Flow 19-1700] Loaded user IP repository 'c:/Users/gsfei/OneDrive/Desktop/networkaccel_project/ip_repo/mac_filter_1_0'.
INFO: [IP_Flow 19-2313] Loaded Vivado IP repository 'C:/Xilinx/Vivado/2024.2/data/ip'.
INFO: [IP_Flow 19-6924] IPCACHE: Running cache check for IP inst: mac_udp_design_smartconnect_0_1
Command: synth_design -top mac_udp_design_smartconnect_0_1 -part xc7z020clg400-1 -incremental_mode off -mode out_of_context
Starting synth_design
Attempting to get a license for feature 'Synthesis' and/or device 'xc7z020'
INFO: [Common 17-349] Got license for feature 'Synthesis' and/or device 'xc7z020'
INFO: [Device 21-403] Loading part xc7z020clg400-1
INFO: [Synth 8-7079] Multithreading enabled for synth_design using a maximum of 2 processes.
INFO: [Synth 8-7078] Launching helper process for spawning children vivado processes
INFO: [Synth 8-7075] Helper process launched with PID 7344
---------------------------------------------------------------------------------
Starting RTL Elaboration : Time (s): cpu = 00:00:08 ; elapsed = 00:00:08 . Memory (MB): peak = 1079.516 ; gain = 468.059
---------------------------------------------------------------------------------
INFO: [Synth 8-6157] synthesizing module 'mac_udp_design_smartconnect_0_1' [c:/Users/gsfei/OneDrive/Desktop/networkaccel_project/vivado/vivado.gen/sources_1/bd/mac_udp_design/ip/mac_udp_design_smartconnect_0_1/synth/mac_udp_design_smartconnect_0_1.v:53]
INFO: [Synth 8-6157] synthesizing module 'bd_1adb' [c:/Users/gsfei/OneDrive/Desktop/networkaccel_project/vivado/vivado.gen/sources_1/bd/mac_udp_design/ip/mac_udp_design_smartconnect_0_1/bd_0/synth/bd_1adb.v:10]
INFO: [Synth 8-6157] synthesizing module 'clk_map_imp_11RKUBI' [c:/Users/gsfei/OneDrive/Desktop/networkaccel_project/vivado/vivado.gen/sources_1/bd/mac_udp_design/ip/mac_udp_design_smartconnect_0_1/bd_0/synth/bd_1adb.v:336]
INFO: [Synth 8-6157] synthesizing module 'bd_1adb_one_0' [c:/Users/gsfei/OneDrive/Desktop/networkaccel_project/vivado/vivado.gen/sources_1/bd/mac_udp_design/ip/mac_udp_design_smartconnect_0_1/bd_0/ip/ip_0/synth/bd_1adb_one_0.v:53]
INFO: [Synth 8-6157] synthesizing module 'xlconstant_v1_1_9_xlconstant' [c:/Users/gsfei/OneDrive/Desktop/networkaccel_project/vivado/vivado.gen/sources_1/bd/mac_udp_design/ipshared/e2d2/hdl/xlconstant_v1_1_vl_rfs.v:68]
INFO: [Synth 8-6155] done synthesizing module 'xlconstant_v1_1_9_xlconstant' (0#1) [c:/Users/gsfei/OneDrive/Desktop/networkaccel_project/vivado/vivado.gen/sources_1/bd/mac_udp_design/ipshared/e2d2/hdl/xlconstant_v1_1_vl_rfs.v:68]
INFO: [Synth 8-6155] done synthesizing module 'bd_1adb_one_0' (0#1) [c:/Users/gsfei/OneDrive/Desktop/networkaccel_project/vivado/vivado.gen/sources_1/bd/mac_udp_design/ip/mac_udp_design_smartconnect_0_1/bd_0/ip/ip_0/synth/bd_1adb_one_0.v:53]
INFO: [Synth 8-638] synthesizing module 'bd_1adb_psr_aclk_0' [c:/Users/gsfei/OneDrive/Desktop/networkaccel_project/vivado/vivado.gen/sources_1/bd/mac_udp_design/ip/mac_udp_design_smartconnect_0_1/bd_0/ip/ip_1/synth/bd_1adb_psr_aclk_0.vhd:74]
	Parameter C_FAMILY bound to: zynq - type: string 
	Parameter C_EXT_RST_WIDTH bound to: 4 - type: integer 
	Parameter C_AUX_RST_WIDTH bound to: 1 - type: integer 
	Parameter C_EXT_RESET_HIGH bound to: 1'b0 
	Parameter C_AUX_RESET_HIGH bound to: 1'b0 
	Parameter C_NUM_BUS_RST bound to: 1 - type: integer 
	Parameter C_NUM_PERP_RST bound to: 1 - type: integer 
	Parameter C_NUM_INTERCONNECT_ARESETN bound to: 1 - type: integer 
	Parameter C_NUM_PERP_ARESETN bound to: 1 - type: integer 
INFO: [Synth 8-3491] module 'proc_sys_reset' declared at 'c:/Users/gsfei/OneDrive/Desktop/networkaccel_project/vivado/vivado.gen/sources_1/bd/mac_udp_design/ipshared/0831/hdl/proc_sys_reset_v5_0_vh_rfs.vhd:1271' bound to instance 'U0' of component 'proc_sys_reset' [c:/Users/gsfei/OneDrive/Desktop/networkaccel_project/vivado/vivado.gen/sources_1/bd/mac_udp_design/ip/mac_udp_design_smartconnect_0_1/bd_0/ip/ip_1/synth/bd_1adb_psr_aclk_0.vhd:139]
INFO: [Synth 8-638] synthesizing module 'proc_sys_reset' [c:/Users/gsfei/OneDrive/Desktop/networkaccel_project/vivado/vivado.gen/sources_1/bd/mac_udp_design/ipshared/0831/hdl/proc_sys_reset_v5_0_vh_rfs.vhd:1330]
	Parameter INIT bound to: 1'b1 
INFO: [Synth 8-113] binding component instance 'FDRE_inst' to cell 'FDRE' [c:/Users/gsfei/OneDrive/Desktop/networkaccel_project/vivado/vivado.gen/sources_1/bd/mac_udp_design/ipshared/0831/hdl/proc_sys_reset_v5_0_vh_rfs.vhd:1399]
	Parameter INIT bound to: 1'b1 
INFO: [Synth 8-113] binding component instance 'FDRE_BSR' to cell 'FDRE' [c:/Users/gsfei/OneDrive/Desktop/networkaccel_project/vivado/vivado.gen/sources_1/bd/mac_udp_design/ipshared/0831/hdl/proc_sys_reset_v5_0_vh_rfs.vhd:1415]
	Parameter INIT bound to: 1'b0 
INFO: [Synth 8-113] binding component instance 'FDRE_BSR_N' to cell 'FDRE' [c:/Users/gsfei/OneDrive/Desktop/networkaccel_project/vivado/vivado.gen/sources_1/bd/mac_udp_design/ipshared/0831/hdl/proc_sys_reset_v5_0_vh_rfs.vhd:1441]
	Parameter INIT bound to: 1'b1 
INFO: [Synth 8-113] binding component instance 'FDRE_PER' to cell 'FDRE' [c:/Users/gsfei/OneDrive/Desktop/networkaccel_project/vivado/vivado.gen/sources_1/bd/mac_udp_design/ipshared/0831/hdl/proc_sys_reset_v5_0_vh_rfs.vhd:1464]
	Parameter INIT bound to: 1'b0 
INFO: [Synth 8-113] binding component instance 'FDRE_PER_N' to cell 'FDRE' [c:/Users/gsfei/OneDrive/Desktop/networkaccel_project/vivado/vivado.gen/sources_1/bd/mac_udp_design/ipshared/0831/hdl/proc_sys_reset_v5_0_vh_rfs.vhd:1488]
INFO: [Synth 8-638] synthesizing module 'lpf' [c:/Users/gsfei/OneDrive/Desktop/networkaccel_project/vivado/vivado.gen/sources_1/bd/mac_udp_design/ipshared/0831/hdl/proc_sys_reset_v5_0_vh_rfs.vhd:821]
INFO: [Synth 8-3491] module 'SRL16' declared at 'C:/Xilinx/Vivado/2024.2/scripts/rt/data/unisim_comp.v:149029' bound to instance 'POR_SRL_I' of component 'SRL16' [c:/Users/gsfei/OneDrive/Desktop/networkaccel_project/vivado/vivado.gen/sources_1/bd/mac_udp_design/ipshared/0831/hdl/proc_sys_reset_v5_0_vh_rfs.vhd:873]
INFO: [Synth 8-6157] synthesizing module 'SRL16' [C:/Xilinx/Vivado/2024.2/scripts/rt/data/unisim_comp.v:149029]
INFO: [Synth 8-6155] done synthesizing module 'SRL16' (0#1) [C:/Xilinx/Vivado/2024.2/scripts/rt/data/unisim_comp.v:149029]
INFO: [Synth 8-638] synthesizing module 'cdc_sync' [c:/Users/gsfei/OneDrive/Desktop/networkaccel_project/vivado/vivado.gen/sources_1/bd/mac_udp_design/ipshared/2a4f/hdl/lib_cdc_v1_0_rfs.vhd:106]
	Parameter INIT bound to: 1'b0 
INFO: [Synth 8-113] binding component instance 'CROSS_PLEVEL_IN2SCNDRY_IN_cdc_to' to cell 'FDR' [c:/Users/gsfei/OneDrive/Desktop/networkaccel_project/vivado/vivado.gen/sources_1/bd/mac_udp_design/ipshared/2a4f/hdl/lib_cdc_v1_0_rfs.vhd:514]
	Parameter INIT bound to: 1'b0 
INFO: [Synth 8-113] binding component instance 'CROSS_PLEVEL_IN2SCNDRY_s_level_out_d2' to cell 'FDR' [c:/Users/gsfei/OneDrive/Desktop/networkaccel_project/vivado/vivado.gen/sources_1/bd/mac_udp_design/ipshared/2a4f/hdl/lib_cdc_v1_0_rfs.vhd:545]
	Parameter INIT bound to: 1'b0 
INFO: [Synth 8-113] binding component instance 'CROSS_PLEVEL_IN2SCNDRY_s_level_out_d3' to cell 'FDR' [c:/Users/gsfei/OneDrive/Desktop/networkaccel_project/vivado/vivado.gen/sources_1/bd/mac_udp_design/ipshared/2a4f/hdl/lib_cdc_v1_0_rfs.vhd:554]
	Parameter INIT bound to: 1'b0 
INFO: [Synth 8-113] binding component instance 'CROSS_PLEVEL_IN2SCNDRY_s_level_out_d4' to cell 'FDR' [c:/Users/gsfei/OneDrive/Desktop/networkaccel_project/vivado/vivado.gen/sources_1/bd/mac_udp_design/ipshared/2a4f/hdl/lib_cdc_v1_0_rfs.vhd:564]
	Parameter INIT bound to: 1'b0 
INFO: [Synth 8-113] binding component instance 'CROSS_PLEVEL_IN2SCNDRY_s_level_out_d5' to cell 'FDR' [c:/Users/gsfei/OneDrive/Desktop/networkaccel_project/vivado/vivado.gen/sources_1/bd/mac_udp_design/ipshared/2a4f/hdl/lib_cdc_v1_0_rfs.vhd:574]
	Parameter INIT bound to: 1'b0 
INFO: [Synth 8-113] binding component instance 'CROSS_PLEVEL_IN2SCNDRY_s_level_out_d6' to cell 'FDR' [c:/Users/gsfei/OneDrive/Desktop/networkaccel_project/vivado/vivado.gen/sources_1/bd/mac_udp_design/ipshared/2a4f/hdl/lib_cdc_v1_0_rfs.vhd:584]
INFO: [Synth 8-256] done synthesizing module 'cdc_sync' (0#1) [c:/Users/gsfei/OneDrive/Desktop/networkaccel_project/vivado/vivado.gen/sources_1/bd/mac_udp_design/ipshared/2a4f/hdl/lib_cdc_v1_0_rfs.vhd:106]
INFO: [Synth 8-256] done synthesizing module 'lpf' (0#1) [c:/Users/gsfei/OneDrive/Desktop/networkaccel_project/vivado/vivado.gen/sources_1/bd/mac_udp_design/ipshared/0831/hdl/proc_sys_reset_v5_0_vh_rfs.vhd:821]
INFO: [Synth 8-638] synthesizing module 'sequence_psr' [c:/Users/gsfei/OneDrive/Desktop/networkaccel_project/vivado/vivado.gen/sources_1/bd/mac_udp_design/ipshared/0831/hdl/proc_sys_reset_v5_0_vh_rfs.vhd:304]
INFO: [Synth 8-638] synthesizing module 'upcnt_n' [c:/Users/gsfei/OneDrive/Desktop/networkaccel_project/vivado/vivado.gen/sources_1/bd/mac_udp_design/ipshared/0831/hdl/proc_sys_reset_v5_0_vh_rfs.vhd:126]
INFO: [Synth 8-256] done synthesizing module 'upcnt_n' (0#1) [c:/Users/gsfei/OneDrive/Desktop/networkaccel_project/vivado/vivado.gen/sources_1/bd/mac_udp_design/ipshared/0831/hdl/proc_sys_reset_v5_0_vh_rfs.vhd:126]
INFO: [Synth 8-256] done synthesizing module 'sequence_psr' (0#1) [c:/Users/gsfei/OneDrive/Desktop/networkaccel_project/vivado/vivado.gen/sources_1/bd/mac_udp_design/ipshared/0831/hdl/proc_sys_reset_v5_0_vh_rfs.vhd:304]
INFO: [Synth 8-256] done synthesizing module 'proc_sys_reset' (0#1) [c:/Users/gsfei/OneDrive/Desktop/networkaccel_project/vivado/vivado.gen/sources_1/bd/mac_udp_design/ipshared/0831/hdl/proc_sys_reset_v5_0_vh_rfs.vhd:1330]
INFO: [Synth 8-256] done synthesizing module 'bd_1adb_psr_aclk_0' (0#1) [c:/Users/gsfei/OneDrive/Desktop/networkaccel_project/vivado/vivado.gen/sources_1/bd/mac_udp_design/ip/mac_udp_design_smartconnect_0_1/bd_0/ip/ip_1/synth/bd_1adb_psr_aclk_0.vhd:74]
WARNING: [Synth 8-7071] port 'mb_reset' of module 'bd_1adb_psr_aclk_0' is unconnected for instance 'psr_aclk' [c:/Users/gsfei/OneDrive/Desktop/networkaccel_project/vivado/vivado.gen/sources_1/bd/mac_udp_design/ip/mac_udp_design_smartconnect_0_1/bd_0/synth/bd_1adb.v:368]
WARNING: [Synth 8-7071] port 'bus_struct_reset' of module 'bd_1adb_psr_aclk_0' is unconnected for instance 'psr_aclk' [c:/Users/gsfei/OneDrive/Desktop/networkaccel_project/vivado/vivado.gen/sources_1/bd/mac_udp_design/ip/mac_udp_design_smartconnect_0_1/bd_0/synth/bd_1adb.v:368]
WARNING: [Synth 8-7071] port 'peripheral_reset' of module 'bd_1adb_psr_aclk_0' is unconnected for instance 'psr_aclk' [c:/Users/gsfei/OneDrive/Desktop/networkaccel_project/vivado/vivado.gen/sources_1/bd/mac_udp_design/ip/mac_udp_design_smartconnect_0_1/bd_0/synth/bd_1adb.v:368]
WARNING: [Synth 8-7071] port 'peripheral_aresetn' of module 'bd_1adb_psr_aclk_0' is unconnected for instance 'psr_aclk' [c:/Users/gsfei/OneDrive/Desktop/networkaccel_project/vivado/vivado.gen/sources_1/bd/mac_udp_design/ip/mac_udp_design_smartconnect_0_1/bd_0/synth/bd_1adb.v:368]
WARNING: [Synth 8-7023] instance 'psr_aclk' of module 'bd_1adb_psr_aclk_0' has 10 connections declared, but only 6 given [c:/Users/gsfei/OneDrive/Desktop/networkaccel_project/vivado/vivado.gen/sources_1/bd/mac_udp_design/ip/mac_udp_design_smartconnect_0_1/bd_0/synth/bd_1adb.v:368]
INFO: [Synth 8-6155] done synthesizing module 'clk_map_imp_11RKUBI' (0#1) [c:/Users/gsfei/OneDrive/Desktop/networkaccel_project/vivado/vivado.gen/sources_1/bd/mac_udp_design/ip/mac_udp_design_smartconnect_0_1/bd_0/synth/bd_1adb.v:336]
INFO: [Synth 8-6157] synthesizing module 'm00_exit_pipeline_imp_V9QX0L' [c:/Users/gsfei/OneDrive/Desktop/networkaccel_project/vivado/vivado.gen/sources_1/bd/mac_udp_design/ip/mac_udp_design_smartconnect_0_1/bd_0/synth/bd_1adb.v:377]
INFO: [Synth 8-6157] synthesizing module 'bd_1adb_m00e_0' [c:/Users/gsfei/OneDrive/Desktop/networkaccel_project/vivado/vivado.gen/sources_1/bd/mac_udp_design/ip/mac_udp_design_smartconnect_0_1/bd_0/ip/ip_9/synth/bd_1adb_m00e_0.sv:53]
INFO: [Synth 8-6157] synthesizing module 'xpm_cdc_async_rst' [C:/Xilinx/Vivado/2024.2/data/ip/xpm/xpm_cdc/hdl/xpm_cdc.sv:1175]
INFO: [Synth 8-6155] done synthesizing module 'xpm_cdc_async_rst' (0#1) [C:/Xilinx/Vivado/2024.2/data/ip/xpm/xpm_cdc/hdl/xpm_cdc.sv:1175]
INFO: [Synth 8-6155] done synthesizing module 'bd_1adb_m00e_0' (0#1) [c:/Users/gsfei/OneDrive/Desktop/networkaccel_project/vivado/vivado.gen/sources_1/bd/mac_udp_design/ip/mac_udp_design_smartconnect_0_1/bd_0/ip/ip_9/synth/bd_1adb_m00e_0.sv:53]
INFO: [Synth 8-6155] done synthesizing module 'm00_exit_pipeline_imp_V9QX0L' (0#1) [c:/Users/gsfei/OneDrive/Desktop/networkaccel_project/vivado/vivado.gen/sources_1/bd/mac_udp_design/ip/mac_udp_design_smartconnect_0_1/bd_0/synth/bd_1adb.v:377]
INFO: [Synth 8-6157] synthesizing module 'bd_1adb_m00s2a_0' [c:/Users/gsfei/OneDrive/Desktop/networkaccel_project/vivado/vivado.gen/sources_1/bd/mac_udp_design/ip/mac_udp_design_smartconnect_0_1/bd_0/ip/ip_8/synth/bd_1adb_m00s2a_0.sv:53]
INFO: [Synth 8-6155] done synthesizing module 'bd_1adb_m00s2a_0' (0#1) [c:/Users/gsfei/OneDrive/Desktop/networkaccel_project/vivado/vivado.gen/sources_1/bd/mac_udp_design/ip/mac_udp_design_smartconnect_0_1/bd_0/ip/ip_8/synth/bd_1adb_m00s2a_0.sv:53]
INFO: [Synth 8-6157] synthesizing module 'bd_1adb_s00a2s_0' [c:/Users/gsfei/OneDrive/Desktop/networkaccel_project/vivado/vivado.gen/sources_1/bd/mac_udp_design/ip/mac_udp_design_smartconnect_0_1/bd_0/ip/ip_5/synth/bd_1adb_s00a2s_0.sv:53]
INFO: [Synth 8-6155] done synthesizing module 'bd_1adb_s00a2s_0' (0#1) [c:/Users/gsfei/OneDrive/Desktop/networkaccel_project/vivado/vivado.gen/sources_1/bd/mac_udp_design/ip/mac_udp_design_smartconnect_0_1/bd_0/ip/ip_5/synth/bd_1adb_s00a2s_0.sv:53]
INFO: [Synth 8-6157] synthesizing module 's00_entry_pipeline_imp_1VLA2ZQ' [c:/Users/gsfei/OneDrive/Desktop/networkaccel_project/vivado/vivado.gen/sources_1/bd/mac_udp_design/ip/mac_udp_design_smartconnect_0_1/bd_0/synth/bd_1adb.v:519]
INFO: [Synth 8-6157] synthesizing module 'bd_1adb_s00mmu_0' [c:/Users/gsfei/OneDrive/Desktop/networkaccel_project/vivado/vivado.gen/sources_1/bd/mac_udp_design/ip/mac_udp_design_smartconnect_0_1/bd_0/ip/ip_2/synth/bd_1adb_s00mmu_0.sv:53]
INFO: [Synth 8-6155] done synthesizing module 'bd_1adb_s00mmu_0' (0#1) [c:/Users/gsfei/OneDrive/Desktop/networkaccel_project/vivado/vivado.gen/sources_1/bd/mac_udp_design/ip/mac_udp_design_smartconnect_0_1/bd_0/ip/ip_2/synth/bd_1adb_s00mmu_0.sv:53]
INFO: [Synth 8-6157] synthesizing module 'bd_1adb_s00sic_0' [c:/Users/gsfei/OneDrive/Desktop/networkaccel_project/vivado/vivado.gen/sources_1/bd/mac_udp_design/ip/mac_udp_design_smartconnect_0_1/bd_0/ip/ip_4/synth/bd_1adb_s00sic_0.sv:53]
INFO: [Synth 8-6155] done synthesizing module 'bd_1adb_s00sic_0' (0#1) [c:/Users/gsfei/OneDrive/Desktop/networkaccel_project/vivado/vivado.gen/sources_1/bd/mac_udp_design/ip/mac_udp_design_smartconnect_0_1/bd_0/ip/ip_4/synth/bd_1adb_s00sic_0.sv:53]
INFO: [Synth 8-6157] synthesizing module 'bd_1adb_s00tr_0' [c:/Users/gsfei/OneDrive/Desktop/networkaccel_project/vivado/vivado.gen/sources_1/bd/mac_udp_design/ip/mac_udp_design_smartconnect_0_1/bd_0/ip/ip_3/synth/bd_1adb_s00tr_0.sv:53]
INFO: [Synth 8-6155] done synthesizing module 'bd_1adb_s00tr_0' (0#1) [c:/Users/gsfei/OneDrive/Desktop/networkaccel_project/vivado/vivado.gen/sources_1/bd/mac_udp_design/ip/mac_udp_design_smartconnect_0_1/bd_0/ip/ip_3/synth/bd_1adb_s00tr_0.sv:53]
WARNING: [Synth 8-7071] port 'm_axi_arburst' of module 'bd_1adb_s00tr_0' is unconnected for instance 's00_transaction_regulator' [c:/Users/gsfei/OneDrive/Desktop/networkaccel_project/vivado/vivado.gen/sources_1/bd/mac_udp_design/ip/mac_udp_design_smartconnect_0_1/bd_0/synth/bd_1adb.v:732]
WARNING: [Synth 8-7023] instance 's00_transaction_regulator' of module 'bd_1adb_s00tr_0' has 38 connections declared, but only 37 given [c:/Users/gsfei/OneDrive/Desktop/networkaccel_project/vivado/vivado.gen/sources_1/bd/mac_udp_design/ip/mac_udp_design_smartconnect_0_1/bd_0/synth/bd_1adb.v:732]
INFO: [Synth 8-6155] done synthesizing module 's00_entry_pipeline_imp_1VLA2ZQ' (0#1) [c:/Users/gsfei/OneDrive/Desktop/networkaccel_project/vivado/vivado.gen/sources_1/bd/mac_udp_design/ip/mac_udp_design_smartconnect_0_1/bd_0/synth/bd_1adb.v:519]
INFO: [Synth 8-6157] synthesizing module 's00_nodes_imp_1RURSN0' [c:/Users/gsfei/OneDrive/Desktop/networkaccel_project/vivado/vivado.gen/sources_1/bd/mac_udp_design/ip/mac_udp_design_smartconnect_0_1/bd_0/synth/bd_1adb.v:772]
INFO: [Synth 8-6157] synthesizing module 'bd_1adb_sarn_0' [c:/Users/gsfei/OneDrive/Desktop/networkaccel_project/vivado/vivado.gen/sources_1/bd/mac_udp_design/ip/mac_udp_design_smartconnect_0_1/bd_0/ip/ip_6/synth/bd_1adb_sarn_0.sv:53]
INFO: [Synth 8-6157] synthesizing module 'xpm_memory_sdpram' [C:/Xilinx/Vivado/2024.2/data/ip/xpm/xpm_memory/hdl/xpm_memory.sv:8556]
INFO: [Synth 8-6157] synthesizing module 'xpm_memory_base' [C:/Xilinx/Vivado/2024.2/data/ip/xpm/xpm_memory/hdl/xpm_memory.sv:54]
INFO: [Synth 8-6155] done synthesizing module 'xpm_memory_base' (0#1) [C:/Xilinx/Vivado/2024.2/data/ip/xpm/xpm_memory/hdl/xpm_memory.sv:54]
INFO: [Synth 8-6155] done synthesizing module 'xpm_memory_sdpram' (0#1) [C:/Xilinx/Vivado/2024.2/data/ip/xpm/xpm_memory/hdl/xpm_memory.sv:8556]
INFO: [Synth 8-6155] done synthesizing module 'bd_1adb_sarn_0' (0#1) [c:/Users/gsfei/OneDrive/Desktop/networkaccel_project/vivado/vivado.gen/sources_1/bd/mac_udp_design/ip/mac_udp_design_smartconnect_0_1/bd_0/ip/ip_6/synth/bd_1adb_sarn_0.sv:53]
INFO: [Synth 8-6157] synthesizing module 'bd_1adb_srn_0' [c:/Users/gsfei/OneDrive/Desktop/networkaccel_project/vivado/vivado.gen/sources_1/bd/mac_udp_design/ip/mac_udp_design_smartconnect_0_1/bd_0/ip/ip_7/synth/bd_1adb_srn_0.sv:53]
INFO: [Synth 8-6157] synthesizing module 'xpm_memory_sdpram__parameterized0' [C:/Xilinx/Vivado/2024.2/data/ip/xpm/xpm_memory/hdl/xpm_memory.sv:8556]
INFO: [Synth 8-6157] synthesizing module 'xpm_memory_base__parameterized0' [C:/Xilinx/Vivado/2024.2/data/ip/xpm/xpm_memory/hdl/xpm_memory.sv:54]
INFO: [Synth 8-6155] done synthesizing module 'xpm_memory_base__parameterized0' (0#1) [C:/Xilinx/Vivado/2024.2/data/ip/xpm/xpm_memory/hdl/xpm_memory.sv:54]
INFO: [Synth 8-6155] done synthesizing module 'xpm_memory_sdpram__parameterized0' (0#1) [C:/Xilinx/Vivado/2024.2/data/ip/xpm/xpm_memory/hdl/xpm_memory.sv:8556]
INFO: [Synth 8-6155] done synthesizing module 'bd_1adb_srn_0' (0#1) [c:/Users/gsfei/OneDrive/Desktop/networkaccel_project/vivado/vivado.gen/sources_1/bd/mac_udp_design/ip/mac_udp_design_smartconnect_0_1/bd_0/ip/ip_7/synth/bd_1adb_srn_0.sv:53]
INFO: [Synth 8-6155] done synthesizing module 's00_nodes_imp_1RURSN0' (0#1) [c:/Users/gsfei/OneDrive/Desktop/networkaccel_project/vivado/vivado.gen/sources_1/bd/mac_udp_design/ip/mac_udp_design_smartconnect_0_1/bd_0/synth/bd_1adb.v:772]
INFO: [Synth 8-6155] done synthesizing module 'bd_1adb' (0#1) [c:/Users/gsfei/OneDrive/Desktop/networkaccel_project/vivado/vivado.gen/sources_1/bd/mac_udp_design/ip/mac_udp_design_smartconnect_0_1/bd_0/synth/bd_1adb.v:10]
INFO: [Synth 8-6155] done synthesizing module 'mac_udp_design_smartconnect_0_1' (0#1) [c:/Users/gsfei/OneDrive/Desktop/networkaccel_project/vivado/vivado.gen/sources_1/bd/mac_udp_design/ip/mac_udp_design_smartconnect_0_1/synth/mac_udp_design_smartconnect_0_1.v:53]
WARNING: [Synth 8-3848] Net aresetn_out in module/entity clk_map_imp_11RKUBI does not have driver. [c:/Users/gsfei/OneDrive/Desktop/networkaccel_project/vivado/vivado.gen/sources_1/bd/mac_udp_design/ip/mac_udp_design_smartconnect_0_1/bd_0/synth/bd_1adb.v:352]
INFO: [Synth 8-4490] FSM extraction disabled for register 'gen_pipelined.state_reg' through user attribute
INFO: [Synth 8-4490] FSM extraction disabled for register 'gen_pipelined.state_reg' through user attribute
INFO: [Synth 8-4490] FSM extraction disabled for register 'gen_pipelined.state_reg' through user attribute
INFO: [Synth 8-4490] FSM extraction disabled for register 'gen_pipelined.state_reg' through user attribute
INFO: [Synth 8-4490] FSM extraction disabled for register 'gen_pipelined.state_reg' through user attribute
INFO: [Synth 8-4490] FSM extraction disabled for register 'gen_pipelined.state_reg' through user attribute
WARNING: [Synth 8-7129] Port din[0] in module sc_util_v1_0_4_onehot_to_binary is either unconnected or has no load
WARNING: [Synth 8-7129] Port aclk in module sc_util_v1_0_4_pipeline__parameterized0 is either unconnected or has no load
WARNING: [Synth 8-7129] Port aclken in module sc_util_v1_0_4_pipeline__parameterized0 is either unconnected or has no load
WARNING: [Synth 8-7129] Port areset in module sc_util_v1_0_4_pipeline__parameterized0 is either unconnected or has no load
WARNING: [Synth 8-7129] Port sleep in module xpm_memory_base__parameterized0 is either unconnected or has no load
WARNING: [Synth 8-7129] Port rsta in module xpm_memory_base__parameterized0 is either unconnected or has no load
WARNING: [Synth 8-7129] Port regcea in module xpm_memory_base__parameterized0 is either unconnected or has no load
WARNING: [Synth 8-7129] Port injectsbiterra in module xpm_memory_base__parameterized0 is either unconnected or has no load
WARNING: [Synth 8-7129] Port injectdbiterra in module xpm_memory_base__parameterized0 is either unconnected or has no load
WARNING: [Synth 8-7129] Port clkb in module xpm_memory_base__parameterized0 is either unconnected or has no load
WARNING: [Synth 8-7129] Port regceb in module xpm_memory_base__parameterized0 is either unconnected or has no load
WARNING: [Synth 8-7129] Port web[0] in module xpm_memory_base__parameterized0 is either unconnected or has no load
WARNING: [Synth 8-7129] Port dinb[68] in module xpm_memory_base__parameterized0 is either unconnected or has no load
WARNING: [Synth 8-7129] Port dinb[67] in module xpm_memory_base__parameterized0 is either unconnected or has no load
WARNING: [Synth 8-7129] Port dinb[66] in module xpm_memory_base__parameterized0 is either unconnected or has no load
WARNING: [Synth 8-7129] Port dinb[65] in module xpm_memory_base__parameterized0 is either unconnected or has no load
WARNING: [Synth 8-7129] Port dinb[64] in module xpm_memory_base__parameterized0 is either unconnected or has no load
WARNING: [Synth 8-7129] Port dinb[63] in module xpm_memory_base__parameterized0 is either unconnected or has no load
WARNING: [Synth 8-7129] Port dinb[62] in module xpm_memory_base__parameterized0 is either unconnected or has no load
WARNING: [Synth 8-7129] Port dinb[61] in module xpm_memory_base__parameterized0 is either unconnected or has no load
WARNING: [Synth 8-7129] Port dinb[60] in module xpm_memory_base__parameterized0 is either unconnected or has no load
WARNING: [Synth 8-7129] Port dinb[59] in module xpm_memory_base__parameterized0 is either unconnected or has no load
WARNING: [Synth 8-7129] Port dinb[58] in module xpm_memory_base__parameterized0 is either unconnected or has no load
WARNING: [Synth 8-7129] Port dinb[57] in module xpm_memory_base__parameterized0 is either unconnected or has no load
WARNING: [Synth 8-7129] Port dinb[56] in module xpm_memory_base__parameterized0 is either unconnected or has no load
WARNING: [Synth 8-7129] Port dinb[55] in module xpm_memory_base__parameterized0 is either unconnected or has no load
WARNING: [Synth 8-7129] Port dinb[54] in module xpm_memory_base__parameterized0 is either unconnected or has no load
WARNING: [Synth 8-7129] Port dinb[53] in module xpm_memory_base__parameterized0 is either unconnected or has no load
WARNING: [Synth 8-7129] Port dinb[52] in module xpm_memory_base__parameterized0 is either unconnected or has no load
WARNING: [Synth 8-7129] Port dinb[51] in module xpm_memory_base__parameterized0 is either unconnected or has no load
WARNING: [Synth 8-7129] Port dinb[50] in module xpm_memory_base__parameterized0 is either unconnected or has no load
WARNING: [Synth 8-7129] Port dinb[49] in module xpm_memory_base__parameterized0 is either unconnected or has no load
WARNING: [Synth 8-7129] Port dinb[48] in module xpm_memory_base__parameterized0 is either unconnected or has no load
WARNING: [Synth 8-7129] Port dinb[47] in module xpm_memory_base__parameterized0 is either unconnected or has no load
WARNING: [Synth 8-7129] Port dinb[46] in module xpm_memory_base__parameterized0 is either unconnected or has no load
WARNING: [Synth 8-7129] Port dinb[45] in module xpm_memory_base__parameterized0 is either unconnected or has no load
WARNING: [Synth 8-7129] Port dinb[44] in module xpm_memory_base__parameterized0 is either unconnected or has no load
WARNING: [Synth 8-7129] Port dinb[43] in module xpm_memory_base__parameterized0 is either unconnected or has no load
WARNING: [Synth 8-7129] Port dinb[42] in module xpm_memory_base__parameterized0 is either unconnected or has no load
WARNING: [Synth 8-7129] Port dinb[41] in module xpm_memory_base__parameterized0 is either unconnected or has no load
WARNING: [Synth 8-7129] Port dinb[40] in module xpm_memory_base__parameterized0 is either unconnected or has no load
WARNING: [Synth 8-7129] Port dinb[39] in module xpm_memory_base__parameterized0 is either unconnected or has no load
WARNING: [Synth 8-7129] Port dinb[38] in module xpm_memory_base__parameterized0 is either unconnected or has no load
WARNING: [Synth 8-7129] Port dinb[37] in module xpm_memory_base__parameterized0 is either unconnected or has no load
WARNING: [Synth 8-7129] Port dinb[36] in module xpm_memory_base__parameterized0 is either unconnected or has no load
WARNING: [Synth 8-7129] Port dinb[35] in module xpm_memory_base__parameterized0 is either unconnected or has no load
WARNING: [Synth 8-7129] Port dinb[34] in module xpm_memory_base__parameterized0 is either unconnected or has no load
WARNING: [Synth 8-7129] Port dinb[33] in module xpm_memory_base__parameterized0 is either unconnected or has no load
WARNING: [Synth 8-7129] Port dinb[32] in module xpm_memory_base__parameterized0 is either unconnected or has no load
WARNING: [Synth 8-7129] Port dinb[31] in module xpm_memory_base__parameterized0 is either unconnected or has no load
WARNING: [Synth 8-7129] Port dinb[30] in module xpm_memory_base__parameterized0 is either unconnected or has no load
WARNING: [Synth 8-7129] Port dinb[29] in module xpm_memory_base__parameterized0 is either unconnected or has no load
WARNING: [Synth 8-7129] Port dinb[28] in module xpm_memory_base__parameterized0 is either unconnected or has no load
WARNING: [Synth 8-7129] Port dinb[27] in module xpm_memory_base__parameterized0 is either unconnected or has no load
WARNING: [Synth 8-7129] Port dinb[26] in module xpm_memory_base__parameterized0 is either unconnected or has no load
WARNING: [Synth 8-7129] Port dinb[25] in module xpm_memory_base__parameterized0 is either unconnected or has no load
WARNING: [Synth 8-7129] Port dinb[24] in module xpm_memory_base__parameterized0 is either unconnected or has no load
WARNING: [Synth 8-7129] Port dinb[23] in module xpm_memory_base__parameterized0 is either unconnected or has no load
WARNING: [Synth 8-7129] Port dinb[22] in module xpm_memory_base__parameterized0 is either unconnected or has no load
WARNING: [Synth 8-7129] Port dinb[21] in module xpm_memory_base__parameterized0 is either unconnected or has no load
WARNING: [Synth 8-7129] Port dinb[20] in module xpm_memory_base__parameterized0 is either unconnected or has no load
WARNING: [Synth 8-7129] Port dinb[19] in module xpm_memory_base__parameterized0 is either unconnected or has no load
WARNING: [Synth 8-7129] Port dinb[18] in module xpm_memory_base__parameterized0 is either unconnected or has no load
WARNING: [Synth 8-7129] Port dinb[17] in module xpm_memory_base__parameterized0 is either unconnected or has no load
WARNING: [Synth 8-7129] Port dinb[16] in module xpm_memory_base__parameterized0 is either unconnected or has no load
WARNING: [Synth 8-7129] Port dinb[15] in module xpm_memory_base__parameterized0 is either unconnected or has no load
WARNING: [Synth 8-7129] Port dinb[14] in module xpm_memory_base__parameterized0 is either unconnected or has no load
WARNING: [Synth 8-7129] Port dinb[13] in module xpm_memory_base__parameterized0 is either unconnected or has no load
WARNING: [Synth 8-7129] Port dinb[12] in module xpm_memory_base__parameterized0 is either unconnected or has no load
WARNING: [Synth 8-7129] Port dinb[11] in module xpm_memory_base__parameterized0 is either unconnected or has no load
WARNING: [Synth 8-7129] Port dinb[10] in module xpm_memory_base__parameterized0 is either unconnected or has no load
WARNING: [Synth 8-7129] Port dinb[9] in module xpm_memory_base__parameterized0 is either unconnected or has no load
WARNING: [Synth 8-7129] Port dinb[8] in module xpm_memory_base__parameterized0 is either unconnected or has no load
WARNING: [Synth 8-7129] Port dinb[7] in module xpm_memory_base__parameterized0 is either unconnected or has no load
WARNING: [Synth 8-7129] Port dinb[6] in module xpm_memory_base__parameterized0 is either unconnected or has no load
WARNING: [Synth 8-7129] Port dinb[5] in module xpm_memory_base__parameterized0 is either unconnected or has no load
WARNING: [Synth 8-7129] Port dinb[4] in module xpm_memory_base__parameterized0 is either unconnected or has no load
WARNING: [Synth 8-7129] Port dinb[3] in module xpm_memory_base__parameterized0 is either unconnected or has no load
WARNING: [Synth 8-7129] Port dinb[2] in module xpm_memory_base__parameterized0 is either unconnected or has no load
WARNING: [Synth 8-7129] Port dinb[1] in module xpm_memory_base__parameterized0 is either unconnected or has no load
WARNING: [Synth 8-7129] Port dinb[0] in module xpm_memory_base__parameterized0 is either unconnected or has no load
WARNING: [Synth 8-7129] Port injectsbiterrb in module xpm_memory_base__parameterized0 is either unconnected or has no load
WARNING: [Synth 8-7129] Port injectdbiterrb in module xpm_memory_base__parameterized0 is either unconnected or has no load
WARNING: [Synth 8-7129] Port aclk in module sc_node_v1_0_17_reg_slice3 is either unconnected or has no load
WARNING: [Synth 8-7129] Port aclken in module sc_node_v1_0_17_reg_slice3 is either unconnected or has no load
WARNING: [Synth 8-7129] Port areset in module sc_node_v1_0_17_reg_slice3 is either unconnected or has no load
WARNING: [Synth 8-7129] Port aclk in module sc_util_v1_0_4_pipeline__parameterized3 is either unconnected or has no load
WARNING: [Synth 8-7129] Port aclken in module sc_util_v1_0_4_pipeline__parameterized3 is either unconnected or has no load
WARNING: [Synth 8-7129] Port areset in module sc_util_v1_0_4_pipeline__parameterized3 is either unconnected or has no load
WARNING: [Synth 8-7129] Port s_sc_req[0] in module sc_node_v1_0_17_si_handler__parameterized0 is either unconnected or has no load
WARNING: [Synth 8-7129] Port s_sc_info[0] in module sc_node_v1_0_17_si_handler__parameterized0 is either unconnected or has no load
WARNING: [Synth 8-7129] Port s_axis_arb_tvalid in module sc_node_v1_0_17_si_handler__parameterized0 is either unconnected or has no load
WARNING: [Synth 8-7129] Port s_axis_arb_tdata[15] in module sc_node_v1_0_17_si_handler__parameterized0 is either unconnected or has no load
WARNING: [Synth 8-7129] Port s_axis_arb_tdata[14] in module sc_node_v1_0_17_si_handler__parameterized0 is either unconnected or has no load
WARNING: [Synth 8-7129] Port s_axis_arb_tdata[13] in module sc_node_v1_0_17_si_handler__parameterized0 is either unconnected or has no load
WARNING: [Synth 8-7129] Port s_axis_arb_tdata[12] in module sc_node_v1_0_17_si_handler__parameterized0 is either unconnected or has no load
WARNING: [Synth 8-7129] Port s_axis_arb_tdata[11] in module sc_node_v1_0_17_si_handler__parameterized0 is either unconnected or has no load
WARNING: [Synth 8-7129] Port s_axis_arb_tdata[10] in module sc_node_v1_0_17_si_handler__parameterized0 is either unconnected or has no load
WARNING: [Synth 8-7129] Port s_axis_arb_tdata[9] in module sc_node_v1_0_17_si_handler__parameterized0 is either unconnected or has no load
WARNING: [Synth 8-7129] Port s_axis_arb_tdata[8] in module sc_node_v1_0_17_si_handler__parameterized0 is either unconnected or has no load
INFO: [Common 17-14] Message 'Synth 8-7129' appears 100 times and further instances of the messages will be disabled. Use the Tcl command set_msg_config to change the current settings.
---------------------------------------------------------------------------------
Finished RTL Elaboration : Time (s): cpu = 00:00:13 ; elapsed = 00:00:14 . Memory (MB): peak = 1273.289 ; gain = 661.832
---------------------------------------------------------------------------------
---------------------------------------------------------------------------------
Start Handling Custom Attributes
---------------------------------------------------------------------------------
---------------------------------------------------------------------------------
Finished Handling Custom Attributes : Time (s): cpu = 00:00:13 ; elapsed = 00:00:14 . Memory (MB): peak = 1273.289 ; gain = 661.832
---------------------------------------------------------------------------------
---------------------------------------------------------------------------------
Finished RTL Optimization Phase 1 : Time (s): cpu = 00:00:13 ; elapsed = 00:00:14 . Memory (MB): peak = 1273.289 ; gain = 661.832
---------------------------------------------------------------------------------
Netlist sorting complete. Time (s): cpu = 00:00:02 ; elapsed = 00:00:01 . Memory (MB): peak = 1273.289 ; gain = 0.000
INFO: [Netlist 29-17] Analyzing 13 Unisim elements for replacement
INFO: [Netlist 29-28] Unisim Transformation completed in 0 CPU seconds
INFO: [Project 1-570] Preparing netlist for logic optimization

Processing XDC Constraints
Initializing timing engine
Parsing XDC File [c:/Users/gsfei/OneDrive/Desktop/networkaccel_project/vivado/vivado.gen/sources_1/bd/mac_udp_design/ip/mac_udp_design_smartconnect_0_1/ooc.xdc] for cell 'inst'
Finished Parsing XDC File [c:/Users/gsfei/OneDrive/Desktop/networkaccel_project/vivado/vivado.gen/sources_1/bd/mac_udp_design/ip/mac_udp_design_smartconnect_0_1/ooc.xdc] for cell 'inst'
Parsing XDC File [c:/Users/gsfei/OneDrive/Desktop/networkaccel_project/vivado/vivado.gen/sources_1/bd/mac_udp_design/ip/mac_udp_design_smartconnect_0_1/bd_0/ip/ip_1/bd_1adb_psr_aclk_0_board.xdc] for cell 'inst/clk_map/psr_aclk/U0'
Finished Parsing XDC File [c:/Users/gsfei/OneDrive/Desktop/networkaccel_project/vivado/vivado.gen/sources_1/bd/mac_udp_design/ip/mac_udp_design_smartconnect_0_1/bd_0/ip/ip_1/bd_1adb_psr_aclk_0_board.xdc] for cell 'inst/clk_map/psr_aclk/U0'
Parsing XDC File [c:/Users/gsfei/OneDrive/Desktop/networkaccel_project/vivado/vivado.gen/sources_1/bd/mac_udp_design/ip/mac_udp_design_smartconnect_0_1/bd_0/ip/ip_1/bd_1adb_psr_aclk_0.xdc] for cell 'inst/clk_map/psr_aclk/U0'
Finished Parsing XDC File [c:/Users/gsfei/OneDrive/Desktop/networkaccel_project/vivado/vivado.gen/sources_1/bd/mac_udp_design/ip/mac_udp_design_smartconnect_0_1/bd_0/ip/ip_1/bd_1adb_psr_aclk_0.xdc] for cell 'inst/clk_map/psr_aclk/U0'
INFO: [Project 1-236] Implementation specific constraints were found while reading constraint file [c:/Users/gsfei/OneDrive/Desktop/networkaccel_project/vivado/vivado.gen/sources_1/bd/mac_udp_design/ip/mac_udp_design_smartconnect_0_1/bd_0/ip/ip_1/bd_1adb_psr_aclk_0.xdc]. These constraints will be ignored for synthesis but will be used in implementation. Impacted constraints are listed in the file [.Xil/mac_udp_design_smartconnect_0_1_propImpl.xdc].
Resolution: To avoid this warning, move constraints listed in [.Xil/mac_udp_design_smartconnect_0_1_propImpl.xdc] to another XDC file and exclude this new file from synthesis with the used_in_synthesis property (File Properties dialog in GUI) and re-run elaboration/synthesis.
Parsing XDC File [c:/Users/gsfei/OneDrive/Desktop/networkaccel_project/vivado/vivado.gen/sources_1/bd/mac_udp_design/ip/mac_udp_design_smartconnect_0_1/smartconnect.xdc] for cell 'inst'
Finished Parsing XDC File [c:/Users/gsfei/OneDrive/Desktop/networkaccel_project/vivado/vivado.gen/sources_1/bd/mac_udp_design/ip/mac_udp_design_smartconnect_0_1/smartconnect.xdc] for cell 'inst'
Parsing XDC File [C:/Users/gsfei/OneDrive/Desktop/networkaccel_project/vivado/vivado.runs/mac_udp_design_smartconnect_0_1_synth_1/dont_touch.xdc]
Finished Parsing XDC File [C:/Users/gsfei/OneDrive/Desktop/networkaccel_project/vivado/vivado.runs/mac_udp_design_smartconnect_0_1_synth_1/dont_touch.xdc]
INFO: [Project 1-236] Implementation specific constraints were found while reading constraint file [C:/Xilinx/Vivado/2024.2/data/ip/xpm/xpm_memory/tcl/xpm_memory_xdc.tcl]. These constraints will be ignored for synthesis but will be used in implementation. Impacted constraints are listed in the file [.Xil/mac_udp_design_smartconnect_0_1_propImpl.xdc].
Resolution: To avoid this warning, move constraints listed in [.Xil/mac_udp_design_smartconnect_0_1_propImpl.xdc] to another XDC file and exclude this new file from synthesis with the used_in_synthesis property (File Properties dialog in GUI) and re-run elaboration/synthesis.
INFO: [Project 1-1714] 10 XPM XDC files have been applied to the design.
Completed Processing XDC Constraints

Netlist sorting complete. Time (s): cpu = 00:00:00 ; elapsed = 00:00:00.005 . Memory (MB): peak = 1491.281 ; gain = 0.000
INFO: [Project 1-111] Unisim Transformation Summary:
  A total of 13 instances were transformed.
  FDR => FDRE: 12 instances
  SRL16 => SRL16E: 1 instance 

Constraint Validation Runtime : Time (s): cpu = 00:00:00 ; elapsed = 00:00:00.156 . Memory (MB): peak = 1508.496 ; gain = 17.215
INFO: [Designutils 20-5008] Incremental synthesis strategy off
---------------------------------------------------------------------------------
Finished Constraint Validation : Time (s): cpu = 00:00:29 ; elapsed = 00:00:30 . Memory (MB): peak = 1508.496 ; gain = 897.039
---------------------------------------------------------------------------------
---------------------------------------------------------------------------------
Start Loading Part and Timing Information
---------------------------------------------------------------------------------
Loading part: xc7z020clg400-1
---------------------------------------------------------------------------------
Finished Loading Part and Timing Information : Time (s): cpu = 00:00:29 ; elapsed = 00:00:30 . Memory (MB): peak = 1508.496 ; gain = 897.039
---------------------------------------------------------------------------------
---------------------------------------------------------------------------------
Start Applying 'set_property' XDC Constraints
---------------------------------------------------------------------------------
Applied set_property KEEP_HIERARCHY = SOFT for inst. (constraint file  C:/Users/gsfei/OneDrive/Desktop/networkaccel_project/vivado/vivado.runs/mac_udp_design_smartconnect_0_1_synth_1/dont_touch.xdc, line 56).
Applied set_property KEEP_HIERARCHY = SOFT for inst/s00_nodes/s00_ar_node/inst/m_sc_xpm_cdc_async_rst_inst. (constraint file  auto generated constraint).
Applied set_property KEEP_HIERARCHY = SOFT for inst/s00_nodes/s00_r_node/inst/m_sc_xpm_cdc_async_rst_inst. (constraint file  auto generated constraint).
Applied set_property KEEP_HIERARCHY = SOFT for inst/s00_nodes/s00_ar_node/inst/s_sc_xpm_cdc_async_rst_inst. (constraint file  auto generated constraint).
Applied set_property KEEP_HIERARCHY = SOFT for inst/s00_nodes/s00_r_node/inst/s_sc_xpm_cdc_async_rst_inst. (constraint file  auto generated constraint).
Applied set_property KEEP_HIERARCHY = SOFT for inst/m00_exit_pipeline/m00_exit/inst/xpm_cdc_async_rst_inst. (constraint file  auto generated constraint).
Applied set_property KEEP_HIERARCHY = SOFT for inst/s00_entry_pipeline/s00_mmu/inst/xpm_cdc_async_rst_inst. (constraint file  auto generated constraint).
Applied set_property KEEP_HIERARCHY = SOFT for inst/s00_entry_pipeline/s00_si_converter/inst/xpm_cdc_async_rst_inst. (constraint file  auto generated constraint).
Applied set_property KEEP_HIERARCHY = SOFT for inst/s00_entry_pipeline/s00_transaction_regulator/inst/xpm_cdc_async_rst_inst. (constraint file  auto generated constraint).
Applied set_property KEEP_HIERARCHY = SOFT for inst/s00_nodes/s00_ar_node/inst/inst_mi_handler/\gen_normal_area.inst_fifo_node_payld /\gen_xpm_memory_fifo.inst_fifo /\gen_mem_rep[0].inst_xpm_memory . (constraint file  auto generated constraint).
Applied set_property KEEP_HIERARCHY = SOFT for inst/s00_nodes/s00_r_node/inst/inst_mi_handler/\gen_normal_area.inst_fifo_node_payld /\gen_xpm_memory_fifo.inst_fifo /\gen_mem_rep[0].inst_xpm_memory . (constraint file  auto generated constraint).
---------------------------------------------------------------------------------
Finished applying 'set_property' XDC Constraints : Time (s): cpu = 00:00:29 ; elapsed = 00:00:30 . Memory (MB): peak = 1508.496 ; gain = 897.039
---------------------------------------------------------------------------------
INFO: [Synth 8-4490] FSM extraction disabled for register 'gen_pipelined.state_reg' through user attribute
INFO: [Synth 8-4490] FSM extraction disabled for register 'gen_pipelined.state_reg' through user attribute
INFO: [Synth 8-4490] FSM extraction disabled for register 'gen_pipelined.state_reg' through user attribute
INFO: [Synth 8-4490] FSM extraction disabled for register 'gen_pipelined.state_reg' through user attribute
INFO: [Synth 8-4490] FSM extraction disabled for register 'gen_pipelined.state_reg' through user attribute
INFO: [Synth 8-4490] FSM extraction disabled for register 'gen_pipelined.state_reg' through user attribute
INFO: [Synth 8-4490] FSM extraction disabled for register 'gen_pipelined.state_reg' through user attribute
INFO: [Synth 8-4490] FSM extraction disabled for register 'gen_pipelined.state_reg' through user attribute
INFO: [Synth 8-4490] FSM extraction disabled for register 'gen_pipelined.state_reg' through user attribute
INFO: [Synth 8-4490] FSM extraction disabled for register 'gen_pipelined.state_reg' through user attribute
INFO: [Synth 8-802] inferred FSM for state register 'gen_axi.gen_write.write_cs_reg' in module 'sc_mmu_v1_0_14_decerr_slave'
INFO: [Synth 8-802] inferred FSM for state register 'gen_endpoint.w_state_reg' in module 'sc_mmu_v1_0_14_top'
INFO: [Synth 8-4490] FSM extraction disabled for register 'gen_pipelined.state_reg' through user attribute
INFO: [Synth 8-4490] FSM extraction disabled for register 'gen_pipelined.state_reg' through user attribute
---------------------------------------------------------------------------------------------------
                   State |                     New Encoding |                Previous Encoding 
---------------------------------------------------------------------------------------------------
            P_WRITE_IDLE |                              001 |                               00
            P_WRITE_DATA |                              010 |                               01
            P_WRITE_RESP |                              100 |                               10
---------------------------------------------------------------------------------------------------
INFO: [Synth 8-3354] encoded FSM with state register 'gen_axi.gen_write.write_cs_reg' using encoding 'one-hot' in module 'sc_mmu_v1_0_14_decerr_slave'
---------------------------------------------------------------------------------------------------
                   State |                     New Encoding |                Previous Encoding 
---------------------------------------------------------------------------------------------------
                  iSTATE |                               00 | 00000000000000000000000000000000
*
                 W_STALL |                               01 | 00000000000000000000000000000001
               W_PENDING |                               10 | 00000000000000000000000000000010
                W_DECERR |                               11 | 00000000000000000000000000000011
---------------------------------------------------------------------------------------------------
INFO: [Synth 8-3354] encoded FSM with state register 'gen_endpoint.w_state_reg' using encoding 'sequential' in module 'sc_mmu_v1_0_14_top'
---------------------------------------------------------------------------------
Finished RTL Optimization Phase 2 : Time (s): cpu = 00:00:30 ; elapsed = 00:00:32 . Memory (MB): peak = 1508.496 ; gain = 897.039
---------------------------------------------------------------------------------
---------------------------------------------------------------------------------
Start RTL Component Statistics 
---------------------------------------------------------------------------------
Detailed RTL Component Info : 
+---Adders : 
	   2 Input   32 Bit       Adders := 2     
	   2 Input    8 Bit       Adders := 3     
	   3 Input    8 Bit       Adders := 2     
	   2 Input    7 Bit       Adders := 2     
	   2 Input    6 Bit       Adders := 13    
	   2 Input    5 Bit       Adders := 5     
	   2 Input    4 Bit       Adders := 10    
	   3 Input    1 Bit       Adders := 1     
+---XORs : 
	   2 Input      1 Bit         XORs := 22    
+---Registers : 
	             2178 Bit    Registers := 4     
	              512 Bit    Registers := 2     
	              156 Bit    Registers := 1     
	               69 Bit    Registers := 1     
	               64 Bit    Registers := 4     
	               47 Bit    Registers := 1     
	               33 Bit    Registers := 1     
	               32 Bit    Registers := 1     
	               16 Bit    Registers := 2     
	               14 Bit    Registers := 1     
	                9 Bit    Registers := 1     
	                8 Bit    Registers := 8     
	                7 Bit    Registers := 4     
	                6 Bit    Registers := 7     
	                5 Bit    Registers := 5     
	                4 Bit    Registers := 14    
	                3 Bit    Registers := 21    
	                2 Bit    Registers := 2     
	                1 Bit    Registers := 94    
+---Muxes : 
	   2 Input 2178 Bit        Muxes := 3     
	   2 Input  512 Bit        Muxes := 2     
	   2 Input   64 Bit        Muxes := 4     
	   2 Input   47 Bit        Muxes := 1     
	   2 Input   33 Bit        Muxes := 1     
	   2 Input   32 Bit        Muxes := 6     
	   2 Input   14 Bit        Muxes := 1     
	   2 Input    9 Bit        Muxes := 1     
	   2 Input    8 Bit        Muxes := 11    
	   2 Input    7 Bit        Muxes := 20    
	   2 Input    6 Bit        Muxes := 3     
	   2 Input    4 Bit        Muxes := 4     
	   4 Input    3 Bit        Muxes := 8     
	   2 Input    3 Bit        Muxes := 10    
	   2 Input    2 Bit        Muxes := 20    
	   3 Input    2 Bit        Muxes := 1     
	   4 Input    2 Bit        Muxes := 1     
	   2 Input    1 Bit        Muxes := 60    
	   6 Input    1 Bit        Muxes := 44    
	  12 Input    1 Bit        Muxes := 8     
	   5 Input    1 Bit        Muxes := 10    
	   3 Input    1 Bit        Muxes := 8     
	   4 Input    1 Bit        Muxes := 4     
	   7 Input    1 Bit        Muxes := 2     
---------------------------------------------------------------------------------
Finished RTL Component Statistics 
---------------------------------------------------------------------------------
---------------------------------------------------------------------------------
Start Part Resource Summary
---------------------------------------------------------------------------------
Part Resources:
DSPs: 220 (col length:60)
BRAMs: 280 (col length: RAMB18 60 RAMB36 30)
---------------------------------------------------------------------------------
Finished Part Resource Summary
---------------------------------------------------------------------------------
---------------------------------------------------------------------------------
Start Cross Boundary and Area Optimization
---------------------------------------------------------------------------------
WARNING: [Synth 8-7080] Parallel synthesis criteria is not met
WARNING: [Synth 8-3332] Sequential element (clk_map/psr_aclk/U0/EXT_LPF/ACTIVE_LOW_EXT.ACT_LO_EXT/GENERATE_LEVEL_P_S_CDC.SINGLE_BIT.CROSS_PLEVEL_IN2SCNDRY_IN_cdc_to) is unused and will be removed from module bd_1adb.
WARNING: [Synth 8-3332] Sequential element (clk_map/psr_aclk/U0/EXT_LPF/ACTIVE_LOW_EXT.ACT_LO_EXT/GENERATE_LEVEL_P_S_CDC.SINGLE_BIT.CROSS_PLEVEL_IN2SCNDRY_s_level_out_d2) is unused and will be removed from module bd_1adb.
WARNING: [Synth 8-3332] Sequential element (clk_map/psr_aclk/U0/EXT_LPF/ACTIVE_LOW_EXT.ACT_LO_EXT/GENERATE_LEVEL_P_S_CDC.SINGLE_BIT.CROSS_PLEVEL_IN2SCNDRY_s_level_out_d3) is unused and will be removed from module bd_1adb.
WARNING: [Synth 8-3332] Sequential element (clk_map/psr_aclk/U0/EXT_LPF/ACTIVE_LOW_EXT.ACT_LO_EXT/GENERATE_LEVEL_P_S_CDC.SINGLE_BIT.CROSS_PLEVEL_IN2SCNDRY_s_level_out_d4) is unused and will be removed from module bd_1adb.
WARNING: [Synth 8-3332] Sequential element (clk_map/psr_aclk/U0/EXT_LPF/ACTIVE_LOW_EXT.ACT_LO_EXT/GENERATE_LEVEL_P_S_CDC.SINGLE_BIT.CROSS_PLEVEL_IN2SCNDRY_s_level_out_d5) is unused and will be removed from module bd_1adb.
WARNING: [Synth 8-3332] Sequential element (clk_map/psr_aclk/U0/EXT_LPF/ACTIVE_LOW_EXT.ACT_LO_EXT/GENERATE_LEVEL_P_S_CDC.SINGLE_BIT.CROSS_PLEVEL_IN2SCNDRY_s_level_out_d6) is unused and will be removed from module bd_1adb.
WARNING: [Synth 8-3332] Sequential element (clk_map/psr_aclk/U0/EXT_LPF/ACTIVE_LOW_AUX.ACT_LO_AUX/GENERATE_LEVEL_P_S_CDC.SINGLE_BIT.CROSS_PLEVEL_IN2SCNDRY_s_level_out_d5) is unused and will be removed from module bd_1adb.
WARNING: [Synth 8-3332] Sequential element (clk_map/psr_aclk/U0/EXT_LPF/ACTIVE_LOW_AUX.ACT_LO_AUX/GENERATE_LEVEL_P_S_CDC.SINGLE_BIT.CROSS_PLEVEL_IN2SCNDRY_s_level_out_d6) is unused and will be removed from module bd_1adb.
WARNING: [Synth 8-3332] Sequential element (clk_map/psr_aclk/U0/FDRE_inst) is unused and will be removed from module bd_1adb.
WARNING: [Synth 8-3332] Sequential element (clk_map/psr_aclk/U0/BSR_OUT_DFF[0].FDRE_BSR) is unused and will be removed from module bd_1adb.
WARNING: [Synth 8-3332] Sequential element (clk_map/psr_aclk/U0/PR_OUT_DFF[0].FDRE_PER) is unused and will be removed from module bd_1adb.
WARNING: [Synth 8-3332] Sequential element (clk_map/psr_aclk/U0/ACTIVE_LOW_PR_OUT_DFF[0].FDRE_PER_N) is unused and will be removed from module bd_1adb.
INFO: [Synth 8-3332] Sequential element (gen_endpoint.decerr_slave_inst/FSM_onehot_gen_axi.gen_write.write_cs_reg[2]) is unused and will be removed from module sc_mmu_v1_0_14_top.
INFO: [Synth 8-3332] Sequential element (gen_endpoint.decerr_slave_inst/FSM_onehot_gen_axi.gen_write.write_cs_reg[1]) is unused and will be removed from module sc_mmu_v1_0_14_top.
INFO: [Synth 8-3332] Sequential element (gen_endpoint.decerr_slave_inst/FSM_onehot_gen_axi.gen_write.write_cs_reg[0]) is unused and will be removed from module sc_mmu_v1_0_14_top.
INFO: [Synth 8-3332] Sequential element (FSM_sequential_gen_endpoint.w_state_reg[1]) is unused and will be removed from module sc_mmu_v1_0_14_top.
INFO: [Synth 8-3332] Sequential element (FSM_sequential_gen_endpoint.w_state_reg[0]) is unused and will be removed from module sc_mmu_v1_0_14_top.
---------------------------------------------------------------------------------
Finished Cross Boundary and Area Optimization : Time (s): cpu = 00:00:38 ; elapsed = 00:00:40 . Memory (MB): peak = 1508.496 ; gain = 897.039
---------------------------------------------------------------------------------
---------------------------------------------------------------------------------
Start ROM, RAM, DSP, Shift Register and Retiming Reporting
---------------------------------------------------------------------------------

Distributed RAM: Preliminary Mapping Report (see note below)
+---------------------------------------------------------------------------------------------------------------------------------------------------------------------------+----------------------------------+----------------+----------------------+--------------+
|Module Name                                                                                                                                                                | RTL Object                       | Inference      | Size (Depth x Width) | Primitives   | 
+---------------------------------------------------------------------------------------------------------------------------------------------------------------------------+----------------------------------+----------------+----------------------+--------------+
|inst/\s00_nodes/s00_ar_node/inst /\inst_mi_handler/gen_normal_area.inst_fifo_node_payld/gen_xpm_memory_fifo.inst_fifo/gen_mem_rep[0].inst_xpm_memory /xpm_memory_base_inst | gen_wr_a.gen_word_narrow.mem_reg | User Attribute | 32 x 156             | RAM32M x 26  | 
|inst/\s00_nodes/s00_r_node/inst /\inst_mi_handler/gen_normal_area.inst_fifo_node_payld/gen_xpm_memory_fifo.inst_fifo/gen_mem_rep[0].inst_xpm_memory /xpm_memory_base_inst  | gen_wr_a.gen_word_narrow.mem_reg | User Attribute | 32 x 69              | RAM32M x 12  | 
+---------------------------------------------------------------------------------------------------------------------------------------------------------------------------+----------------------------------+----------------+----------------------+--------------+

Note: The table above is a preliminary report that shows the Distributed RAMs at the current stage of the synthesis flow. Some Distributed RAMs may be reimplemented as non Distributed RAM primitives later in the synthesis flow. Multiple instantiated RAMs are reported only once.
---------------------------------------------------------------------------------
Finished ROM, RAM, DSP, Shift Register and Retiming Reporting
---------------------------------------------------------------------------------
---------------------------------------------------------------------------------
Start Applying XDC Timing Constraints
---------------------------------------------------------------------------------
---------------------------------------------------------------------------------
Finished Applying XDC Timing Constraints : Time (s): cpu = 00:00:43 ; elapsed = 00:00:45 . Memory (MB): peak = 1508.496 ; gain = 897.039
---------------------------------------------------------------------------------
---------------------------------------------------------------------------------
Start Timing Optimization
---------------------------------------------------------------------------------
---------------------------------------------------------------------------------
Finished Timing Optimization : Time (s): cpu = 00:00:44 ; elapsed = 00:00:46 . Memory (MB): peak = 1508.496 ; gain = 897.039
---------------------------------------------------------------------------------
---------------------------------------------------------------------------------
Start ROM, RAM, DSP, Shift Register and Retiming Reporting
---------------------------------------------------------------------------------

Distributed RAM: Final Mapping Report
+---------------------------------------------------------------------------------------------------------------------------------------------------------------------------+----------------------------------+----------------+----------------------+--------------+
|Module Name                                                                                                                                                                | RTL Object                       | Inference      | Size (Depth x Width) | Primitives   | 
+---------------------------------------------------------------------------------------------------------------------------------------------------------------------------+----------------------------------+----------------+----------------------+--------------+
|inst/\s00_nodes/s00_ar_node/inst /\inst_mi_handler/gen_normal_area.inst_fifo_node_payld/gen_xpm_memory_fifo.inst_fifo/gen_mem_rep[0].inst_xpm_memory /xpm_memory_base_inst | gen_wr_a.gen_word_narrow.mem_reg | User Attribute | 32 x 156             | RAM32M x 26  | 
|inst/\s00_nodes/s00_r_node/inst /\inst_mi_handler/gen_normal_area.inst_fifo_node_payld/gen_xpm_memory_fifo.inst_fifo/gen_mem_rep[0].inst_xpm_memory /xpm_memory_base_inst  | gen_wr_a.gen_word_narrow.mem_reg | User Attribute | 32 x 69              | RAM32M x 12  | 
+---------------------------------------------------------------------------------------------------------------------------------------------------------------------------+----------------------------------+----------------+----------------------+--------------+

---------------------------------------------------------------------------------
Finished ROM, RAM, DSP, Shift Register and Retiming Reporting
---------------------------------------------------------------------------------
---------------------------------------------------------------------------------
Start Technology Mapping
---------------------------------------------------------------------------------
---------------------------------------------------------------------------------
Finished Technology Mapping : Time (s): cpu = 00:00:44 ; elapsed = 00:00:46 . Memory (MB): peak = 1508.496 ; gain = 897.039
---------------------------------------------------------------------------------
---------------------------------------------------------------------------------
Start IO Insertion
---------------------------------------------------------------------------------
---------------------------------------------------------------------------------
Start Flattening Before IO Insertion
---------------------------------------------------------------------------------
---------------------------------------------------------------------------------
Finished Flattening Before IO Insertion
---------------------------------------------------------------------------------
---------------------------------------------------------------------------------
Start Final Netlist Cleanup
---------------------------------------------------------------------------------
---------------------------------------------------------------------------------
Finished Final Netlist Cleanup
---------------------------------------------------------------------------------
---------------------------------------------------------------------------------
Finished IO Insertion : Time (s): cpu = 00:00:49 ; elapsed = 00:00:51 . Memory (MB): peak = 1695.516 ; gain = 1084.059
---------------------------------------------------------------------------------
---------------------------------------------------------------------------------
Start Renaming Generated Instances
---------------------------------------------------------------------------------
---------------------------------------------------------------------------------
Finished Renaming Generated Instances : Time (s): cpu = 00:00:49 ; elapsed = 00:00:51 . Memory (MB): peak = 1695.516 ; gain = 1084.059
---------------------------------------------------------------------------------
---------------------------------------------------------------------------------
Start Rebuilding User Hierarchy
---------------------------------------------------------------------------------
---------------------------------------------------------------------------------
Finished Rebuilding User Hierarchy : Time (s): cpu = 00:00:49 ; elapsed = 00:00:51 . Memory (MB): peak = 1695.516 ; gain = 1084.059
---------------------------------------------------------------------------------
---------------------------------------------------------------------------------
Start Renaming Generated Ports
---------------------------------------------------------------------------------
---------------------------------------------------------------------------------
Finished Renaming Generated Ports : Time (s): cpu = 00:00:49 ; elapsed = 00:00:51 . Memory (MB): peak = 1695.516 ; gain = 1084.059
---------------------------------------------------------------------------------
---------------------------------------------------------------------------------
Start Handling Custom Attributes
---------------------------------------------------------------------------------
---------------------------------------------------------------------------------
Finished Handling Custom Attributes : Time (s): cpu = 00:00:49 ; elapsed = 00:00:51 . Memory (MB): peak = 1695.516 ; gain = 1084.059
---------------------------------------------------------------------------------
---------------------------------------------------------------------------------
Start Renaming Generated Nets
---------------------------------------------------------------------------------
---------------------------------------------------------------------------------
Finished Renaming Generated Nets : Time (s): cpu = 00:00:49 ; elapsed = 00:00:51 . Memory (MB): peak = 1695.516 ; gain = 1084.059
---------------------------------------------------------------------------------
---------------------------------------------------------------------------------
Start ROM, RAM, DSP, Shift Register and Retiming Reporting
---------------------------------------------------------------------------------

Dynamic Shift Register Report:
+------------+---------------+--------+------------+--------+---------+--------+--------+--------+
|Module Name | RTL Name      | Length | Data Width | SRL16E | SRLC32E | Mux F7 | Mux F8 | Mux F9 | 
+------------+---------------+--------+------------+--------+---------+--------+--------+--------+
|dsrl        | shift_reg_reg | 16     | 1          | 1      | 0       | 0      | 0      | 0      | 
|dsrl__112   | shift_reg_reg | 16     | 1          | 1      | 0       | 0      | 0      | 0      | 
+------------+---------------+--------+------------+--------+---------+--------+--------+--------+

---------------------------------------------------------------------------------
Finished ROM, RAM, DSP, Shift Register and Retiming Reporting
---------------------------------------------------------------------------------
---------------------------------------------------------------------------------
Start Writing Synthesis Report
---------------------------------------------------------------------------------

Report BlackBoxes: 
+-+--------------+----------+
| |BlackBox name |Instances |
+-+--------------+----------+
+-+--------------+----------+

Report Cell Usage: 
+------+-------+------+
|      |Cell   |Count |
+------+-------+------+
|1     |CARRY4 |    16|
|2     |LUT1   |    36|
|3     |LUT2   |    28|
|4     |LUT3   |    90|
|5     |LUT4   |    53|
|6     |LUT5   |    50|
|7     |LUT6   |   147|
|8     |RAM32M |    20|
|9     |SRL16  |     1|
|10    |SRL16E |     5|
|11    |FDCE   |    24|
|12    |FDR    |     4|
|13    |FDRE   |   308|
|14    |FDSE   |    18|
+------+-------+------+
---------------------------------------------------------------------------------
Finished Writing Synthesis Report : Time (s): cpu = 00:00:49 ; elapsed = 00:00:51 . Memory (MB): peak = 1695.516 ; gain = 1084.059
---------------------------------------------------------------------------------
Synthesis finished with 0 errors, 0 critical warnings and 12442 warnings.
Synthesis Optimization Runtime : Time (s): cpu = 00:00:27 ; elapsed = 00:00:42 . Memory (MB): peak = 1695.516 ; gain = 848.852
Synthesis Optimization Complete : Time (s): cpu = 00:00:49 ; elapsed = 00:00:51 . Memory (MB): peak = 1695.516 ; gain = 1084.059
INFO: [Project 1-571] Translating synthesized netlist
Netlist sorting complete. Time (s): cpu = 00:00:00 ; elapsed = 00:00:00.129 . Memory (MB): peak = 1700.652 ; gain = 0.000
INFO: [Netlist 29-17] Analyzing 41 Unisim elements for replacement
INFO: [Netlist 29-28] Unisim Transformation completed in 0 CPU seconds
INFO: [Project 1-570] Preparing netlist for logic optimization
INFO: [Opt 31-138] Pushed 0 inverter(s) to 0 load pin(s).
Netlist sorting complete. Time (s): cpu = 00:00:00 ; elapsed = 00:00:00 . Memory (MB): peak = 1708.293 ; gain = 0.000
INFO: [Project 1-111] Unisim Transformation Summary:
  A total of 25 instances were transformed.
  FDR => FDRE: 4 instances
  RAM32M => RAM32M (RAMD32(x6), RAMS32(x2)): 20 instances
  SRL16 => SRL16E: 1 instance 

Synth Design complete | Checksum: 289eb48f
INFO: [Common 17-83] Releasing license: Synthesis
121 Infos, 121 Warnings, 0 Critical Warnings and 0 Errors encountered.
synth_design completed successfully
synth_design: Time (s): cpu = 00:00:53 ; elapsed = 00:01:10 . Memory (MB): peak = 1708.293 ; gain = 1342.953
Write ShapeDB Complete: Time (s): cpu = 00:00:00 ; elapsed = 00:00:00.004 . Memory (MB): peak = 1708.293 ; gain = 0.000
INFO: [Common 17-1381] The checkpoint 'C:/Users/gsfei/OneDrive/Desktop/networkaccel_project/vivado/vivado.runs/mac_udp_design_smartconnect_0_1_synth_1/mac_udp_design_smartconnect_0_1.dcp' has been generated.
INFO: [Coretcl 2-1648] Added synthesis output to IP cache for IP mac_udp_design_smartconnect_0_1, cache-ID = c4567e2324881a5e
INFO: [Coretcl 2-1174] Renamed 64 cell refs.
Write ShapeDB Complete: Time (s): cpu = 00:00:00 ; elapsed = 00:00:00.004 . Memory (MB): peak = 1708.293 ; gain = 0.000
INFO: [Common 17-1381] The checkpoint 'C:/Users/gsfei/OneDrive/Desktop/networkaccel_project/vivado/vivado.runs/mac_udp_design_smartconnect_0_1_synth_1/mac_udp_design_smartconnect_0_1.dcp' has been generated.
INFO: [Vivado 12-24828] Executing command : report_utilization -file mac_udp_design_smartconnect_0_1_utilization_synth.rpt -pb mac_udp_design_smartconnect_0_1_utilization_synth.pb
INFO: [Common 17-206] Exiting Vivado at Tue Jun 24 13:08:21 2025...

*** Running vivado
    with args -log mac_udp_design_smartconnect_0_1.vds -m64 -product Vivado -mode batch -messageDb vivado.pb -notrace -source mac_udp_design_smartconnect_0_1.tcl



****** Vivado v2024.2 (64-bit)
  **** SW Build 5239630 on Fri Nov 08 22:35:27 MST 2024
  **** IP Build 5239520 on Sun Nov 10 16:12:51 MST 2024
  **** SharedData Build 5239561 on Fri Nov 08 14:39:27 MST 2024
  **** Start of session at: Tue Jun 24 13:41:56 2025
    ** Copyright 1986-2022 Xilinx, Inc. All Rights Reserved.
    ** Copyright 2022-2024 Advanced Micro Devices, Inc. All Rights Reserved.

source mac_udp_design_smartconnect_0_1.tcl -notrace
INFO: [IP_Flow 19-234] Refreshing IP repositories
INFO: [IP_Flow 19-1700] Loaded user IP repository 'c:/Users/gsfei/OneDrive/Desktop/networkaccel_project/ip_repo/mac_filter_1_0'.
INFO: [IP_Flow 19-2313] Loaded Vivado IP repository 'C:/Xilinx/Vivado/2024.2/data/ip'.
INFO: [IP_Flow 19-6924] IPCACHE: Running cache check for IP inst: mac_udp_design_smartconnect_0_1
Command: synth_design -top mac_udp_design_smartconnect_0_1 -part xc7z020clg400-1 -incremental_mode off -mode out_of_context
Starting synth_design
Attempting to get a license for feature 'Synthesis' and/or device 'xc7z020'
INFO: [Common 17-349] Got license for feature 'Synthesis' and/or device 'xc7z020'
INFO: [Device 21-403] Loading part xc7z020clg400-1
INFO: [Synth 8-7079] Multithreading enabled for synth_design using a maximum of 2 processes.
INFO: [Synth 8-7078] Launching helper process for spawning children vivado processes
INFO: [Synth 8-7075] Helper process launched with PID 3112
---------------------------------------------------------------------------------
Starting RTL Elaboration : Time (s): cpu = 00:00:07 ; elapsed = 00:00:08 . Memory (MB): peak = 1080.133 ; gain = 467.645
---------------------------------------------------------------------------------
INFO: [Synth 8-6157] synthesizing module 'mac_udp_design_smartconnect_0_1' [c:/Users/gsfei/OneDrive/Desktop/networkaccel_project/vivado/vivado.gen/sources_1/bd/mac_udp_design/ip/mac_udp_design_smartconnect_0_1/synth/mac_udp_design_smartconnect_0_1.v:53]
INFO: [Synth 8-6157] synthesizing module 'bd_1adb' [c:/Users/gsfei/OneDrive/Desktop/networkaccel_project/vivado/vivado.gen/sources_1/bd/mac_udp_design/ip/mac_udp_design_smartconnect_0_1/bd_0/synth/bd_1adb.v:10]
INFO: [Synth 8-6157] synthesizing module 'clk_map_imp_11RKUBI' [c:/Users/gsfei/OneDrive/Desktop/networkaccel_project/vivado/vivado.gen/sources_1/bd/mac_udp_design/ip/mac_udp_design_smartconnect_0_1/bd_0/synth/bd_1adb.v:336]
INFO: [Synth 8-6157] synthesizing module 'bd_1adb_one_0' [c:/Users/gsfei/OneDrive/Desktop/networkaccel_project/vivado/vivado.gen/sources_1/bd/mac_udp_design/ip/mac_udp_design_smartconnect_0_1/bd_0/ip/ip_0/synth/bd_1adb_one_0.v:53]
INFO: [Synth 8-6157] synthesizing module 'xlconstant_v1_1_9_xlconstant' [c:/Users/gsfei/OneDrive/Desktop/networkaccel_project/vivado/vivado.gen/sources_1/bd/mac_udp_design/ipshared/e2d2/hdl/xlconstant_v1_1_vl_rfs.v:68]
INFO: [Synth 8-6155] done synthesizing module 'xlconstant_v1_1_9_xlconstant' (0#1) [c:/Users/gsfei/OneDrive/Desktop/networkaccel_project/vivado/vivado.gen/sources_1/bd/mac_udp_design/ipshared/e2d2/hdl/xlconstant_v1_1_vl_rfs.v:68]
INFO: [Synth 8-6155] done synthesizing module 'bd_1adb_one_0' (0#1) [c:/Users/gsfei/OneDrive/Desktop/networkaccel_project/vivado/vivado.gen/sources_1/bd/mac_udp_design/ip/mac_udp_design_smartconnect_0_1/bd_0/ip/ip_0/synth/bd_1adb_one_0.v:53]
INFO: [Synth 8-638] synthesizing module 'bd_1adb_psr_aclk_0' [c:/Users/gsfei/OneDrive/Desktop/networkaccel_project/vivado/vivado.gen/sources_1/bd/mac_udp_design/ip/mac_udp_design_smartconnect_0_1/bd_0/ip/ip_1/synth/bd_1adb_psr_aclk_0.vhd:74]
	Parameter C_FAMILY bound to: zynq - type: string 
	Parameter C_EXT_RST_WIDTH bound to: 4 - type: integer 
	Parameter C_AUX_RST_WIDTH bound to: 1 - type: integer 
	Parameter C_EXT_RESET_HIGH bound to: 1'b0 
	Parameter C_AUX_RESET_HIGH bound to: 1'b0 
	Parameter C_NUM_BUS_RST bound to: 1 - type: integer 
	Parameter C_NUM_PERP_RST bound to: 1 - type: integer 
	Parameter C_NUM_INTERCONNECT_ARESETN bound to: 1 - type: integer 
	Parameter C_NUM_PERP_ARESETN bound to: 1 - type: integer 
INFO: [Synth 8-3491] module 'proc_sys_reset' declared at 'c:/Users/gsfei/OneDrive/Desktop/networkaccel_project/vivado/vivado.gen/sources_1/bd/mac_udp_design/ipshared/0831/hdl/proc_sys_reset_v5_0_vh_rfs.vhd:1271' bound to instance 'U0' of component 'proc_sys_reset' [c:/Users/gsfei/OneDrive/Desktop/networkaccel_project/vivado/vivado.gen/sources_1/bd/mac_udp_design/ip/mac_udp_design_smartconnect_0_1/bd_0/ip/ip_1/synth/bd_1adb_psr_aclk_0.vhd:139]
INFO: [Synth 8-638] synthesizing module 'proc_sys_reset' [c:/Users/gsfei/OneDrive/Desktop/networkaccel_project/vivado/vivado.gen/sources_1/bd/mac_udp_design/ipshared/0831/hdl/proc_sys_reset_v5_0_vh_rfs.vhd:1330]
	Parameter INIT bound to: 1'b1 
INFO: [Synth 8-113] binding component instance 'FDRE_inst' to cell 'FDRE' [c:/Users/gsfei/OneDrive/Desktop/networkaccel_project/vivado/vivado.gen/sources_1/bd/mac_udp_design/ipshared/0831/hdl/proc_sys_reset_v5_0_vh_rfs.vhd:1399]
	Parameter INIT bound to: 1'b1 
INFO: [Synth 8-113] binding component instance 'FDRE_BSR' to cell 'FDRE' [c:/Users/gsfei/OneDrive/Desktop/networkaccel_project/vivado/vivado.gen/sources_1/bd/mac_udp_design/ipshared/0831/hdl/proc_sys_reset_v5_0_vh_rfs.vhd:1415]
	Parameter INIT bound to: 1'b0 
INFO: [Synth 8-113] binding component instance 'FDRE_BSR_N' to cell 'FDRE' [c:/Users/gsfei/OneDrive/Desktop/networkaccel_project/vivado/vivado.gen/sources_1/bd/mac_udp_design/ipshared/0831/hdl/proc_sys_reset_v5_0_vh_rfs.vhd:1441]
	Parameter INIT bound to: 1'b1 
INFO: [Synth 8-113] binding component instance 'FDRE_PER' to cell 'FDRE' [c:/Users/gsfei/OneDrive/Desktop/networkaccel_project/vivado/vivado.gen/sources_1/bd/mac_udp_design/ipshared/0831/hdl/proc_sys_reset_v5_0_vh_rfs.vhd:1464]
	Parameter INIT bound to: 1'b0 
INFO: [Synth 8-113] binding component instance 'FDRE_PER_N' to cell 'FDRE' [c:/Users/gsfei/OneDrive/Desktop/networkaccel_project/vivado/vivado.gen/sources_1/bd/mac_udp_design/ipshared/0831/hdl/proc_sys_reset_v5_0_vh_rfs.vhd:1488]
INFO: [Synth 8-638] synthesizing module 'lpf' [c:/Users/gsfei/OneDrive/Desktop/networkaccel_project/vivado/vivado.gen/sources_1/bd/mac_udp_design/ipshared/0831/hdl/proc_sys_reset_v5_0_vh_rfs.vhd:821]
INFO: [Synth 8-3491] module 'SRL16' declared at 'C:/Xilinx/Vivado/2024.2/scripts/rt/data/unisim_comp.v:149029' bound to instance 'POR_SRL_I' of component 'SRL16' [c:/Users/gsfei/OneDrive/Desktop/networkaccel_project/vivado/vivado.gen/sources_1/bd/mac_udp_design/ipshared/0831/hdl/proc_sys_reset_v5_0_vh_rfs.vhd:873]
INFO: [Synth 8-6157] synthesizing module 'SRL16' [C:/Xilinx/Vivado/2024.2/scripts/rt/data/unisim_comp.v:149029]
INFO: [Synth 8-6155] done synthesizing module 'SRL16' (0#1) [C:/Xilinx/Vivado/2024.2/scripts/rt/data/unisim_comp.v:149029]
INFO: [Synth 8-638] synthesizing module 'cdc_sync' [c:/Users/gsfei/OneDrive/Desktop/networkaccel_project/vivado/vivado.gen/sources_1/bd/mac_udp_design/ipshared/2a4f/hdl/lib_cdc_v1_0_rfs.vhd:106]
	Parameter INIT bound to: 1'b0 
INFO: [Synth 8-113] binding component instance 'CROSS_PLEVEL_IN2SCNDRY_IN_cdc_to' to cell 'FDR' [c:/Users/gsfei/OneDrive/Desktop/networkaccel_project/vivado/vivado.gen/sources_1/bd/mac_udp_design/ipshared/2a4f/hdl/lib_cdc_v1_0_rfs.vhd:514]
	Parameter INIT bound to: 1'b0 
INFO: [Synth 8-113] binding component instance 'CROSS_PLEVEL_IN2SCNDRY_s_level_out_d2' to cell 'FDR' [c:/Users/gsfei/OneDrive/Desktop/networkaccel_project/vivado/vivado.gen/sources_1/bd/mac_udp_design/ipshared/2a4f/hdl/lib_cdc_v1_0_rfs.vhd:545]
	Parameter INIT bound to: 1'b0 
INFO: [Synth 8-113] binding component instance 'CROSS_PLEVEL_IN2SCNDRY_s_level_out_d3' to cell 'FDR' [c:/Users/gsfei/OneDrive/Desktop/networkaccel_project/vivado/vivado.gen/sources_1/bd/mac_udp_design/ipshared/2a4f/hdl/lib_cdc_v1_0_rfs.vhd:554]
	Parameter INIT bound to: 1'b0 
INFO: [Synth 8-113] binding component instance 'CROSS_PLEVEL_IN2SCNDRY_s_level_out_d4' to cell 'FDR' [c:/Users/gsfei/OneDrive/Desktop/networkaccel_project/vivado/vivado.gen/sources_1/bd/mac_udp_design/ipshared/2a4f/hdl/lib_cdc_v1_0_rfs.vhd:564]
	Parameter INIT bound to: 1'b0 
INFO: [Synth 8-113] binding component instance 'CROSS_PLEVEL_IN2SCNDRY_s_level_out_d5' to cell 'FDR' [c:/Users/gsfei/OneDrive/Desktop/networkaccel_project/vivado/vivado.gen/sources_1/bd/mac_udp_design/ipshared/2a4f/hdl/lib_cdc_v1_0_rfs.vhd:574]
	Parameter INIT bound to: 1'b0 
INFO: [Synth 8-113] binding component instance 'CROSS_PLEVEL_IN2SCNDRY_s_level_out_d6' to cell 'FDR' [c:/Users/gsfei/OneDrive/Desktop/networkaccel_project/vivado/vivado.gen/sources_1/bd/mac_udp_design/ipshared/2a4f/hdl/lib_cdc_v1_0_rfs.vhd:584]
INFO: [Synth 8-256] done synthesizing module 'cdc_sync' (0#1) [c:/Users/gsfei/OneDrive/Desktop/networkaccel_project/vivado/vivado.gen/sources_1/bd/mac_udp_design/ipshared/2a4f/hdl/lib_cdc_v1_0_rfs.vhd:106]
INFO: [Synth 8-256] done synthesizing module 'lpf' (0#1) [c:/Users/gsfei/OneDrive/Desktop/networkaccel_project/vivado/vivado.gen/sources_1/bd/mac_udp_design/ipshared/0831/hdl/proc_sys_reset_v5_0_vh_rfs.vhd:821]
INFO: [Synth 8-638] synthesizing module 'sequence_psr' [c:/Users/gsfei/OneDrive/Desktop/networkaccel_project/vivado/vivado.gen/sources_1/bd/mac_udp_design/ipshared/0831/hdl/proc_sys_reset_v5_0_vh_rfs.vhd:304]
INFO: [Synth 8-638] synthesizing module 'upcnt_n' [c:/Users/gsfei/OneDrive/Desktop/networkaccel_project/vivado/vivado.gen/sources_1/bd/mac_udp_design/ipshared/0831/hdl/proc_sys_reset_v5_0_vh_rfs.vhd:126]
INFO: [Synth 8-256] done synthesizing module 'upcnt_n' (0#1) [c:/Users/gsfei/OneDrive/Desktop/networkaccel_project/vivado/vivado.gen/sources_1/bd/mac_udp_design/ipshared/0831/hdl/proc_sys_reset_v5_0_vh_rfs.vhd:126]
INFO: [Synth 8-256] done synthesizing module 'sequence_psr' (0#1) [c:/Users/gsfei/OneDrive/Desktop/networkaccel_project/vivado/vivado.gen/sources_1/bd/mac_udp_design/ipshared/0831/hdl/proc_sys_reset_v5_0_vh_rfs.vhd:304]
INFO: [Synth 8-256] done synthesizing module 'proc_sys_reset' (0#1) [c:/Users/gsfei/OneDrive/Desktop/networkaccel_project/vivado/vivado.gen/sources_1/bd/mac_udp_design/ipshared/0831/hdl/proc_sys_reset_v5_0_vh_rfs.vhd:1330]
INFO: [Synth 8-256] done synthesizing module 'bd_1adb_psr_aclk_0' (0#1) [c:/Users/gsfei/OneDrive/Desktop/networkaccel_project/vivado/vivado.gen/sources_1/bd/mac_udp_design/ip/mac_udp_design_smartconnect_0_1/bd_0/ip/ip_1/synth/bd_1adb_psr_aclk_0.vhd:74]
WARNING: [Synth 8-7071] port 'mb_reset' of module 'bd_1adb_psr_aclk_0' is unconnected for instance 'psr_aclk' [c:/Users/gsfei/OneDrive/Desktop/networkaccel_project/vivado/vivado.gen/sources_1/bd/mac_udp_design/ip/mac_udp_design_smartconnect_0_1/bd_0/synth/bd_1adb.v:368]
WARNING: [Synth 8-7071] port 'bus_struct_reset' of module 'bd_1adb_psr_aclk_0' is unconnected for instance 'psr_aclk' [c:/Users/gsfei/OneDrive/Desktop/networkaccel_project/vivado/vivado.gen/sources_1/bd/mac_udp_design/ip/mac_udp_design_smartconnect_0_1/bd_0/synth/bd_1adb.v:368]
WARNING: [Synth 8-7071] port 'peripheral_reset' of module 'bd_1adb_psr_aclk_0' is unconnected for instance 'psr_aclk' [c:/Users/gsfei/OneDrive/Desktop/networkaccel_project/vivado/vivado.gen/sources_1/bd/mac_udp_design/ip/mac_udp_design_smartconnect_0_1/bd_0/synth/bd_1adb.v:368]
WARNING: [Synth 8-7071] port 'peripheral_aresetn' of module 'bd_1adb_psr_aclk_0' is unconnected for instance 'psr_aclk' [c:/Users/gsfei/OneDrive/Desktop/networkaccel_project/vivado/vivado.gen/sources_1/bd/mac_udp_design/ip/mac_udp_design_smartconnect_0_1/bd_0/synth/bd_1adb.v:368]
WARNING: [Synth 8-7023] instance 'psr_aclk' of module 'bd_1adb_psr_aclk_0' has 10 connections declared, but only 6 given [c:/Users/gsfei/OneDrive/Desktop/networkaccel_project/vivado/vivado.gen/sources_1/bd/mac_udp_design/ip/mac_udp_design_smartconnect_0_1/bd_0/synth/bd_1adb.v:368]
INFO: [Synth 8-6155] done synthesizing module 'clk_map_imp_11RKUBI' (0#1) [c:/Users/gsfei/OneDrive/Desktop/networkaccel_project/vivado/vivado.gen/sources_1/bd/mac_udp_design/ip/mac_udp_design_smartconnect_0_1/bd_0/synth/bd_1adb.v:336]
INFO: [Synth 8-6157] synthesizing module 'm00_exit_pipeline_imp_V9QX0L' [c:/Users/gsfei/OneDrive/Desktop/networkaccel_project/vivado/vivado.gen/sources_1/bd/mac_udp_design/ip/mac_udp_design_smartconnect_0_1/bd_0/synth/bd_1adb.v:377]
INFO: [Synth 8-6157] synthesizing module 'bd_1adb_m00e_0' [c:/Users/gsfei/OneDrive/Desktop/networkaccel_project/vivado/vivado.gen/sources_1/bd/mac_udp_design/ip/mac_udp_design_smartconnect_0_1/bd_0/ip/ip_9/synth/bd_1adb_m00e_0.sv:53]
INFO: [Synth 8-6157] synthesizing module 'xpm_cdc_async_rst' [C:/Xilinx/Vivado/2024.2/data/ip/xpm/xpm_cdc/hdl/xpm_cdc.sv:1175]
INFO: [Synth 8-6155] done synthesizing module 'xpm_cdc_async_rst' (0#1) [C:/Xilinx/Vivado/2024.2/data/ip/xpm/xpm_cdc/hdl/xpm_cdc.sv:1175]
INFO: [Synth 8-6155] done synthesizing module 'bd_1adb_m00e_0' (0#1) [c:/Users/gsfei/OneDrive/Desktop/networkaccel_project/vivado/vivado.gen/sources_1/bd/mac_udp_design/ip/mac_udp_design_smartconnect_0_1/bd_0/ip/ip_9/synth/bd_1adb_m00e_0.sv:53]
INFO: [Synth 8-6155] done synthesizing module 'm00_exit_pipeline_imp_V9QX0L' (0#1) [c:/Users/gsfei/OneDrive/Desktop/networkaccel_project/vivado/vivado.gen/sources_1/bd/mac_udp_design/ip/mac_udp_design_smartconnect_0_1/bd_0/synth/bd_1adb.v:377]
INFO: [Synth 8-6157] synthesizing module 'bd_1adb_m00s2a_0' [c:/Users/gsfei/OneDrive/Desktop/networkaccel_project/vivado/vivado.gen/sources_1/bd/mac_udp_design/ip/mac_udp_design_smartconnect_0_1/bd_0/ip/ip_8/synth/bd_1adb_m00s2a_0.sv:53]
INFO: [Synth 8-6155] done synthesizing module 'bd_1adb_m00s2a_0' (0#1) [c:/Users/gsfei/OneDrive/Desktop/networkaccel_project/vivado/vivado.gen/sources_1/bd/mac_udp_design/ip/mac_udp_design_smartconnect_0_1/bd_0/ip/ip_8/synth/bd_1adb_m00s2a_0.sv:53]
INFO: [Synth 8-6157] synthesizing module 'bd_1adb_s00a2s_0' [c:/Users/gsfei/OneDrive/Desktop/networkaccel_project/vivado/vivado.gen/sources_1/bd/mac_udp_design/ip/mac_udp_design_smartconnect_0_1/bd_0/ip/ip_5/synth/bd_1adb_s00a2s_0.sv:53]
INFO: [Synth 8-6155] done synthesizing module 'bd_1adb_s00a2s_0' (0#1) [c:/Users/gsfei/OneDrive/Desktop/networkaccel_project/vivado/vivado.gen/sources_1/bd/mac_udp_design/ip/mac_udp_design_smartconnect_0_1/bd_0/ip/ip_5/synth/bd_1adb_s00a2s_0.sv:53]
INFO: [Synth 8-6157] synthesizing module 's00_entry_pipeline_imp_1VLA2ZQ' [c:/Users/gsfei/OneDrive/Desktop/networkaccel_project/vivado/vivado.gen/sources_1/bd/mac_udp_design/ip/mac_udp_design_smartconnect_0_1/bd_0/synth/bd_1adb.v:519]
INFO: [Synth 8-6157] synthesizing module 'bd_1adb_s00mmu_0' [c:/Users/gsfei/OneDrive/Desktop/networkaccel_project/vivado/vivado.gen/sources_1/bd/mac_udp_design/ip/mac_udp_design_smartconnect_0_1/bd_0/ip/ip_2/synth/bd_1adb_s00mmu_0.sv:53]
INFO: [Synth 8-6155] done synthesizing module 'bd_1adb_s00mmu_0' (0#1) [c:/Users/gsfei/OneDrive/Desktop/networkaccel_project/vivado/vivado.gen/sources_1/bd/mac_udp_design/ip/mac_udp_design_smartconnect_0_1/bd_0/ip/ip_2/synth/bd_1adb_s00mmu_0.sv:53]
INFO: [Synth 8-6157] synthesizing module 'bd_1adb_s00sic_0' [c:/Users/gsfei/OneDrive/Desktop/networkaccel_project/vivado/vivado.gen/sources_1/bd/mac_udp_design/ip/mac_udp_design_smartconnect_0_1/bd_0/ip/ip_4/synth/bd_1adb_s00sic_0.sv:53]
INFO: [Synth 8-6155] done synthesizing module 'bd_1adb_s00sic_0' (0#1) [c:/Users/gsfei/OneDrive/Desktop/networkaccel_project/vivado/vivado.gen/sources_1/bd/mac_udp_design/ip/mac_udp_design_smartconnect_0_1/bd_0/ip/ip_4/synth/bd_1adb_s00sic_0.sv:53]
INFO: [Synth 8-6157] synthesizing module 'bd_1adb_s00tr_0' [c:/Users/gsfei/OneDrive/Desktop/networkaccel_project/vivado/vivado.gen/sources_1/bd/mac_udp_design/ip/mac_udp_design_smartconnect_0_1/bd_0/ip/ip_3/synth/bd_1adb_s00tr_0.sv:53]
INFO: [Synth 8-6155] done synthesizing module 'bd_1adb_s00tr_0' (0#1) [c:/Users/gsfei/OneDrive/Desktop/networkaccel_project/vivado/vivado.gen/sources_1/bd/mac_udp_design/ip/mac_udp_design_smartconnect_0_1/bd_0/ip/ip_3/synth/bd_1adb_s00tr_0.sv:53]
WARNING: [Synth 8-7071] port 'm_axi_arburst' of module 'bd_1adb_s00tr_0' is unconnected for instance 's00_transaction_regulator' [c:/Users/gsfei/OneDrive/Desktop/networkaccel_project/vivado/vivado.gen/sources_1/bd/mac_udp_design/ip/mac_udp_design_smartconnect_0_1/bd_0/synth/bd_1adb.v:732]
WARNING: [Synth 8-7023] instance 's00_transaction_regulator' of module 'bd_1adb_s00tr_0' has 38 connections declared, but only 37 given [c:/Users/gsfei/OneDrive/Desktop/networkaccel_project/vivado/vivado.gen/sources_1/bd/mac_udp_design/ip/mac_udp_design_smartconnect_0_1/bd_0/synth/bd_1adb.v:732]
INFO: [Synth 8-6155] done synthesizing module 's00_entry_pipeline_imp_1VLA2ZQ' (0#1) [c:/Users/gsfei/OneDrive/Desktop/networkaccel_project/vivado/vivado.gen/sources_1/bd/mac_udp_design/ip/mac_udp_design_smartconnect_0_1/bd_0/synth/bd_1adb.v:519]
INFO: [Synth 8-6157] synthesizing module 's00_nodes_imp_1RURSN0' [c:/Users/gsfei/OneDrive/Desktop/networkaccel_project/vivado/vivado.gen/sources_1/bd/mac_udp_design/ip/mac_udp_design_smartconnect_0_1/bd_0/synth/bd_1adb.v:772]
INFO: [Synth 8-6157] synthesizing module 'bd_1adb_sarn_0' [c:/Users/gsfei/OneDrive/Desktop/networkaccel_project/vivado/vivado.gen/sources_1/bd/mac_udp_design/ip/mac_udp_design_smartconnect_0_1/bd_0/ip/ip_6/synth/bd_1adb_sarn_0.sv:53]
INFO: [Synth 8-6157] synthesizing module 'xpm_memory_sdpram' [C:/Xilinx/Vivado/2024.2/data/ip/xpm/xpm_memory/hdl/xpm_memory.sv:8556]
INFO: [Synth 8-6157] synthesizing module 'xpm_memory_base' [C:/Xilinx/Vivado/2024.2/data/ip/xpm/xpm_memory/hdl/xpm_memory.sv:54]
INFO: [Synth 8-6155] done synthesizing module 'xpm_memory_base' (0#1) [C:/Xilinx/Vivado/2024.2/data/ip/xpm/xpm_memory/hdl/xpm_memory.sv:54]
INFO: [Synth 8-6155] done synthesizing module 'xpm_memory_sdpram' (0#1) [C:/Xilinx/Vivado/2024.2/data/ip/xpm/xpm_memory/hdl/xpm_memory.sv:8556]
INFO: [Synth 8-6155] done synthesizing module 'bd_1adb_sarn_0' (0#1) [c:/Users/gsfei/OneDrive/Desktop/networkaccel_project/vivado/vivado.gen/sources_1/bd/mac_udp_design/ip/mac_udp_design_smartconnect_0_1/bd_0/ip/ip_6/synth/bd_1adb_sarn_0.sv:53]
INFO: [Synth 8-6157] synthesizing module 'bd_1adb_srn_0' [c:/Users/gsfei/OneDrive/Desktop/networkaccel_project/vivado/vivado.gen/sources_1/bd/mac_udp_design/ip/mac_udp_design_smartconnect_0_1/bd_0/ip/ip_7/synth/bd_1adb_srn_0.sv:53]
INFO: [Synth 8-6157] synthesizing module 'xpm_memory_sdpram__parameterized0' [C:/Xilinx/Vivado/2024.2/data/ip/xpm/xpm_memory/hdl/xpm_memory.sv:8556]
INFO: [Synth 8-6157] synthesizing module 'xpm_memory_base__parameterized0' [C:/Xilinx/Vivado/2024.2/data/ip/xpm/xpm_memory/hdl/xpm_memory.sv:54]
INFO: [Synth 8-6155] done synthesizing module 'xpm_memory_base__parameterized0' (0#1) [C:/Xilinx/Vivado/2024.2/data/ip/xpm/xpm_memory/hdl/xpm_memory.sv:54]
INFO: [Synth 8-6155] done synthesizing module 'xpm_memory_sdpram__parameterized0' (0#1) [C:/Xilinx/Vivado/2024.2/data/ip/xpm/xpm_memory/hdl/xpm_memory.sv:8556]
INFO: [Synth 8-6155] done synthesizing module 'bd_1adb_srn_0' (0#1) [c:/Users/gsfei/OneDrive/Desktop/networkaccel_project/vivado/vivado.gen/sources_1/bd/mac_udp_design/ip/mac_udp_design_smartconnect_0_1/bd_0/ip/ip_7/synth/bd_1adb_srn_0.sv:53]
INFO: [Synth 8-6155] done synthesizing module 's00_nodes_imp_1RURSN0' (0#1) [c:/Users/gsfei/OneDrive/Desktop/networkaccel_project/vivado/vivado.gen/sources_1/bd/mac_udp_design/ip/mac_udp_design_smartconnect_0_1/bd_0/synth/bd_1adb.v:772]
INFO: [Synth 8-6155] done synthesizing module 'bd_1adb' (0#1) [c:/Users/gsfei/OneDrive/Desktop/networkaccel_project/vivado/vivado.gen/sources_1/bd/mac_udp_design/ip/mac_udp_design_smartconnect_0_1/bd_0/synth/bd_1adb.v:10]
INFO: [Synth 8-6155] done synthesizing module 'mac_udp_design_smartconnect_0_1' (0#1) [c:/Users/gsfei/OneDrive/Desktop/networkaccel_project/vivado/vivado.gen/sources_1/bd/mac_udp_design/ip/mac_udp_design_smartconnect_0_1/synth/mac_udp_design_smartconnect_0_1.v:53]
WARNING: [Synth 8-3848] Net aresetn_out in module/entity clk_map_imp_11RKUBI does not have driver. [c:/Users/gsfei/OneDrive/Desktop/networkaccel_project/vivado/vivado.gen/sources_1/bd/mac_udp_design/ip/mac_udp_design_smartconnect_0_1/bd_0/synth/bd_1adb.v:352]
INFO: [Synth 8-4490] FSM extraction disabled for register 'gen_pipelined.state_reg' through user attribute
INFO: [Synth 8-4490] FSM extraction disabled for register 'gen_pipelined.state_reg' through user attribute
INFO: [Synth 8-4490] FSM extraction disabled for register 'gen_pipelined.state_reg' through user attribute
INFO: [Synth 8-4490] FSM extraction disabled for register 'gen_pipelined.state_reg' through user attribute
INFO: [Synth 8-4490] FSM extraction disabled for register 'gen_pipelined.state_reg' through user attribute
INFO: [Synth 8-4490] FSM extraction disabled for register 'gen_pipelined.state_reg' through user attribute
WARNING: [Synth 8-7129] Port din[0] in module sc_util_v1_0_4_onehot_to_binary is either unconnected or has no load
WARNING: [Synth 8-7129] Port aclk in module sc_util_v1_0_4_pipeline__parameterized0 is either unconnected or has no load
WARNING: [Synth 8-7129] Port aclken in module sc_util_v1_0_4_pipeline__parameterized0 is either unconnected or has no load
WARNING: [Synth 8-7129] Port areset in module sc_util_v1_0_4_pipeline__parameterized0 is either unconnected or has no load
WARNING: [Synth 8-7129] Port sleep in module xpm_memory_base__parameterized0 is either unconnected or has no load
WARNING: [Synth 8-7129] Port rsta in module xpm_memory_base__parameterized0 is either unconnected or has no load
WARNING: [Synth 8-7129] Port regcea in module xpm_memory_base__parameterized0 is either unconnected or has no load
WARNING: [Synth 8-7129] Port injectsbiterra in module xpm_memory_base__parameterized0 is either unconnected or has no load
WARNING: [Synth 8-7129] Port injectdbiterra in module xpm_memory_base__parameterized0 is either unconnected or has no load
WARNING: [Synth 8-7129] Port clkb in module xpm_memory_base__parameterized0 is either unconnected or has no load
WARNING: [Synth 8-7129] Port regceb in module xpm_memory_base__parameterized0 is either unconnected or has no load
WARNING: [Synth 8-7129] Port web[0] in module xpm_memory_base__parameterized0 is either unconnected or has no load
WARNING: [Synth 8-7129] Port dinb[68] in module xpm_memory_base__parameterized0 is either unconnected or has no load
WARNING: [Synth 8-7129] Port dinb[67] in module xpm_memory_base__parameterized0 is either unconnected or has no load
WARNING: [Synth 8-7129] Port dinb[66] in module xpm_memory_base__parameterized0 is either unconnected or has no load
WARNING: [Synth 8-7129] Port dinb[65] in module xpm_memory_base__parameterized0 is either unconnected or has no load
WARNING: [Synth 8-7129] Port dinb[64] in module xpm_memory_base__parameterized0 is either unconnected or has no load
WARNING: [Synth 8-7129] Port dinb[63] in module xpm_memory_base__parameterized0 is either unconnected or has no load
WARNING: [Synth 8-7129] Port dinb[62] in module xpm_memory_base__parameterized0 is either unconnected or has no load
WARNING: [Synth 8-7129] Port dinb[61] in module xpm_memory_base__parameterized0 is either unconnected or has no load
WARNING: [Synth 8-7129] Port dinb[60] in module xpm_memory_base__parameterized0 is either unconnected or has no load
WARNING: [Synth 8-7129] Port dinb[59] in module xpm_memory_base__parameterized0 is either unconnected or has no load
WARNING: [Synth 8-7129] Port dinb[58] in module xpm_memory_base__parameterized0 is either unconnected or has no load
WARNING: [Synth 8-7129] Port dinb[57] in module xpm_memory_base__parameterized0 is either unconnected or has no load
WARNING: [Synth 8-7129] Port dinb[56] in module xpm_memory_base__parameterized0 is either unconnected or has no load
WARNING: [Synth 8-7129] Port dinb[55] in module xpm_memory_base__parameterized0 is either unconnected or has no load
WARNING: [Synth 8-7129] Port dinb[54] in module xpm_memory_base__parameterized0 is either unconnected or has no load
WARNING: [Synth 8-7129] Port dinb[53] in module xpm_memory_base__parameterized0 is either unconnected or has no load
WARNING: [Synth 8-7129] Port dinb[52] in module xpm_memory_base__parameterized0 is either unconnected or has no load
WARNING: [Synth 8-7129] Port dinb[51] in module xpm_memory_base__parameterized0 is either unconnected or has no load
WARNING: [Synth 8-7129] Port dinb[50] in module xpm_memory_base__parameterized0 is either unconnected or has no load
WARNING: [Synth 8-7129] Port dinb[49] in module xpm_memory_base__parameterized0 is either unconnected or has no load
WARNING: [Synth 8-7129] Port dinb[48] in module xpm_memory_base__parameterized0 is either unconnected or has no load
WARNING: [Synth 8-7129] Port dinb[47] in module xpm_memory_base__parameterized0 is either unconnected or has no load
WARNING: [Synth 8-7129] Port dinb[46] in module xpm_memory_base__parameterized0 is either unconnected or has no load
WARNING: [Synth 8-7129] Port dinb[45] in module xpm_memory_base__parameterized0 is either unconnected or has no load
WARNING: [Synth 8-7129] Port dinb[44] in module xpm_memory_base__parameterized0 is either unconnected or has no load
WARNING: [Synth 8-7129] Port dinb[43] in module xpm_memory_base__parameterized0 is either unconnected or has no load
WARNING: [Synth 8-7129] Port dinb[42] in module xpm_memory_base__parameterized0 is either unconnected or has no load
WARNING: [Synth 8-7129] Port dinb[41] in module xpm_memory_base__parameterized0 is either unconnected or has no load
WARNING: [Synth 8-7129] Port dinb[40] in module xpm_memory_base__parameterized0 is either unconnected or has no load
WARNING: [Synth 8-7129] Port dinb[39] in module xpm_memory_base__parameterized0 is either unconnected or has no load
WARNING: [Synth 8-7129] Port dinb[38] in module xpm_memory_base__parameterized0 is either unconnected or has no load
WARNING: [Synth 8-7129] Port dinb[37] in module xpm_memory_base__parameterized0 is either unconnected or has no load
WARNING: [Synth 8-7129] Port dinb[36] in module xpm_memory_base__parameterized0 is either unconnected or has no load
WARNING: [Synth 8-7129] Port dinb[35] in module xpm_memory_base__parameterized0 is either unconnected or has no load
WARNING: [Synth 8-7129] Port dinb[34] in module xpm_memory_base__parameterized0 is either unconnected or has no load
WARNING: [Synth 8-7129] Port dinb[33] in module xpm_memory_base__parameterized0 is either unconnected or has no load
WARNING: [Synth 8-7129] Port dinb[32] in module xpm_memory_base__parameterized0 is either unconnected or has no load
WARNING: [Synth 8-7129] Port dinb[31] in module xpm_memory_base__parameterized0 is either unconnected or has no load
WARNING: [Synth 8-7129] Port dinb[30] in module xpm_memory_base__parameterized0 is either unconnected or has no load
WARNING: [Synth 8-7129] Port dinb[29] in module xpm_memory_base__parameterized0 is either unconnected or has no load
WARNING: [Synth 8-7129] Port dinb[28] in module xpm_memory_base__parameterized0 is either unconnected or has no load
WARNING: [Synth 8-7129] Port dinb[27] in module xpm_memory_base__parameterized0 is either unconnected or has no load
WARNING: [Synth 8-7129] Port dinb[26] in module xpm_memory_base__parameterized0 is either unconnected or has no load
WARNING: [Synth 8-7129] Port dinb[25] in module xpm_memory_base__parameterized0 is either unconnected or has no load
WARNING: [Synth 8-7129] Port dinb[24] in module xpm_memory_base__parameterized0 is either unconnected or has no load
WARNING: [Synth 8-7129] Port dinb[23] in module xpm_memory_base__parameterized0 is either unconnected or has no load
WARNING: [Synth 8-7129] Port dinb[22] in module xpm_memory_base__parameterized0 is either unconnected or has no load
WARNING: [Synth 8-7129] Port dinb[21] in module xpm_memory_base__parameterized0 is either unconnected or has no load
WARNING: [Synth 8-7129] Port dinb[20] in module xpm_memory_base__parameterized0 is either unconnected or has no load
WARNING: [Synth 8-7129] Port dinb[19] in module xpm_memory_base__parameterized0 is either unconnected or has no load
WARNING: [Synth 8-7129] Port dinb[18] in module xpm_memory_base__parameterized0 is either unconnected or has no load
WARNING: [Synth 8-7129] Port dinb[17] in module xpm_memory_base__parameterized0 is either unconnected or has no load
WARNING: [Synth 8-7129] Port dinb[16] in module xpm_memory_base__parameterized0 is either unconnected or has no load
WARNING: [Synth 8-7129] Port dinb[15] in module xpm_memory_base__parameterized0 is either unconnected or has no load
WARNING: [Synth 8-7129] Port dinb[14] in module xpm_memory_base__parameterized0 is either unconnected or has no load
WARNING: [Synth 8-7129] Port dinb[13] in module xpm_memory_base__parameterized0 is either unconnected or has no load
WARNING: [Synth 8-7129] Port dinb[12] in module xpm_memory_base__parameterized0 is either unconnected or has no load
WARNING: [Synth 8-7129] Port dinb[11] in module xpm_memory_base__parameterized0 is either unconnected or has no load
WARNING: [Synth 8-7129] Port dinb[10] in module xpm_memory_base__parameterized0 is either unconnected or has no load
WARNING: [Synth 8-7129] Port dinb[9] in module xpm_memory_base__parameterized0 is either unconnected or has no load
WARNING: [Synth 8-7129] Port dinb[8] in module xpm_memory_base__parameterized0 is either unconnected or has no load
WARNING: [Synth 8-7129] Port dinb[7] in module xpm_memory_base__parameterized0 is either unconnected or has no load
WARNING: [Synth 8-7129] Port dinb[6] in module xpm_memory_base__parameterized0 is either unconnected or has no load
WARNING: [Synth 8-7129] Port dinb[5] in module xpm_memory_base__parameterized0 is either unconnected or has no load
WARNING: [Synth 8-7129] Port dinb[4] in module xpm_memory_base__parameterized0 is either unconnected or has no load
WARNING: [Synth 8-7129] Port dinb[3] in module xpm_memory_base__parameterized0 is either unconnected or has no load
WARNING: [Synth 8-7129] Port dinb[2] in module xpm_memory_base__parameterized0 is either unconnected or has no load
WARNING: [Synth 8-7129] Port dinb[1] in module xpm_memory_base__parameterized0 is either unconnected or has no load
WARNING: [Synth 8-7129] Port dinb[0] in module xpm_memory_base__parameterized0 is either unconnected or has no load
WARNING: [Synth 8-7129] Port injectsbiterrb in module xpm_memory_base__parameterized0 is either unconnected or has no load
WARNING: [Synth 8-7129] Port injectdbiterrb in module xpm_memory_base__parameterized0 is either unconnected or has no load
WARNING: [Synth 8-7129] Port aclk in module sc_node_v1_0_17_reg_slice3 is either unconnected or has no load
WARNING: [Synth 8-7129] Port aclken in module sc_node_v1_0_17_reg_slice3 is either unconnected or has no load
WARNING: [Synth 8-7129] Port areset in module sc_node_v1_0_17_reg_slice3 is either unconnected or has no load
WARNING: [Synth 8-7129] Port aclk in module sc_util_v1_0_4_pipeline__parameterized3 is either unconnected or has no load
WARNING: [Synth 8-7129] Port aclken in module sc_util_v1_0_4_pipeline__parameterized3 is either unconnected or has no load
WARNING: [Synth 8-7129] Port areset in module sc_util_v1_0_4_pipeline__parameterized3 is either unconnected or has no load
WARNING: [Synth 8-7129] Port s_sc_req[0] in module sc_node_v1_0_17_si_handler__parameterized0 is either unconnected or has no load
WARNING: [Synth 8-7129] Port s_sc_info[0] in module sc_node_v1_0_17_si_handler__parameterized0 is either unconnected or has no load
WARNING: [Synth 8-7129] Port s_axis_arb_tvalid in module sc_node_v1_0_17_si_handler__parameterized0 is either unconnected or has no load
WARNING: [Synth 8-7129] Port s_axis_arb_tdata[15] in module sc_node_v1_0_17_si_handler__parameterized0 is either unconnected or has no load
WARNING: [Synth 8-7129] Port s_axis_arb_tdata[14] in module sc_node_v1_0_17_si_handler__parameterized0 is either unconnected or has no load
WARNING: [Synth 8-7129] Port s_axis_arb_tdata[13] in module sc_node_v1_0_17_si_handler__parameterized0 is either unconnected or has no load
WARNING: [Synth 8-7129] Port s_axis_arb_tdata[12] in module sc_node_v1_0_17_si_handler__parameterized0 is either unconnected or has no load
WARNING: [Synth 8-7129] Port s_axis_arb_tdata[11] in module sc_node_v1_0_17_si_handler__parameterized0 is either unconnected or has no load
WARNING: [Synth 8-7129] Port s_axis_arb_tdata[10] in module sc_node_v1_0_17_si_handler__parameterized0 is either unconnected or has no load
WARNING: [Synth 8-7129] Port s_axis_arb_tdata[9] in module sc_node_v1_0_17_si_handler__parameterized0 is either unconnected or has no load
WARNING: [Synth 8-7129] Port s_axis_arb_tdata[8] in module sc_node_v1_0_17_si_handler__parameterized0 is either unconnected or has no load
INFO: [Common 17-14] Message 'Synth 8-7129' appears 100 times and further instances of the messages will be disabled. Use the Tcl command set_msg_config to change the current settings.
---------------------------------------------------------------------------------
Finished RTL Elaboration : Time (s): cpu = 00:00:12 ; elapsed = 00:00:13 . Memory (MB): peak = 1274.059 ; gain = 661.570
---------------------------------------------------------------------------------
---------------------------------------------------------------------------------
Start Handling Custom Attributes
---------------------------------------------------------------------------------
---------------------------------------------------------------------------------
Finished Handling Custom Attributes : Time (s): cpu = 00:00:12 ; elapsed = 00:00:13 . Memory (MB): peak = 1274.059 ; gain = 661.570
---------------------------------------------------------------------------------
---------------------------------------------------------------------------------
Finished RTL Optimization Phase 1 : Time (s): cpu = 00:00:12 ; elapsed = 00:00:13 . Memory (MB): peak = 1274.059 ; gain = 661.570
---------------------------------------------------------------------------------
Netlist sorting complete. Time (s): cpu = 00:00:01 ; elapsed = 00:00:01 . Memory (MB): peak = 1274.059 ; gain = 0.000
INFO: [Netlist 29-17] Analyzing 13 Unisim elements for replacement
INFO: [Netlist 29-28] Unisim Transformation completed in 0 CPU seconds
INFO: [Project 1-570] Preparing netlist for logic optimization

Processing XDC Constraints
Initializing timing engine
Parsing XDC File [c:/Users/gsfei/OneDrive/Desktop/networkaccel_project/vivado/vivado.gen/sources_1/bd/mac_udp_design/ip/mac_udp_design_smartconnect_0_1/ooc.xdc] for cell 'inst'
Finished Parsing XDC File [c:/Users/gsfei/OneDrive/Desktop/networkaccel_project/vivado/vivado.gen/sources_1/bd/mac_udp_design/ip/mac_udp_design_smartconnect_0_1/ooc.xdc] for cell 'inst'
Parsing XDC File [c:/Users/gsfei/OneDrive/Desktop/networkaccel_project/vivado/vivado.gen/sources_1/bd/mac_udp_design/ip/mac_udp_design_smartconnect_0_1/bd_0/ip/ip_1/bd_1adb_psr_aclk_0_board.xdc] for cell 'inst/clk_map/psr_aclk/U0'
Finished Parsing XDC File [c:/Users/gsfei/OneDrive/Desktop/networkaccel_project/vivado/vivado.gen/sources_1/bd/mac_udp_design/ip/mac_udp_design_smartconnect_0_1/bd_0/ip/ip_1/bd_1adb_psr_aclk_0_board.xdc] for cell 'inst/clk_map/psr_aclk/U0'
Parsing XDC File [c:/Users/gsfei/OneDrive/Desktop/networkaccel_project/vivado/vivado.gen/sources_1/bd/mac_udp_design/ip/mac_udp_design_smartconnect_0_1/bd_0/ip/ip_1/bd_1adb_psr_aclk_0.xdc] for cell 'inst/clk_map/psr_aclk/U0'
Finished Parsing XDC File [c:/Users/gsfei/OneDrive/Desktop/networkaccel_project/vivado/vivado.gen/sources_1/bd/mac_udp_design/ip/mac_udp_design_smartconnect_0_1/bd_0/ip/ip_1/bd_1adb_psr_aclk_0.xdc] for cell 'inst/clk_map/psr_aclk/U0'
INFO: [Project 1-236] Implementation specific constraints were found while reading constraint file [c:/Users/gsfei/OneDrive/Desktop/networkaccel_project/vivado/vivado.gen/sources_1/bd/mac_udp_design/ip/mac_udp_design_smartconnect_0_1/bd_0/ip/ip_1/bd_1adb_psr_aclk_0.xdc]. These constraints will be ignored for synthesis but will be used in implementation. Impacted constraints are listed in the file [.Xil/mac_udp_design_smartconnect_0_1_propImpl.xdc].
Resolution: To avoid this warning, move constraints listed in [.Xil/mac_udp_design_smartconnect_0_1_propImpl.xdc] to another XDC file and exclude this new file from synthesis with the used_in_synthesis property (File Properties dialog in GUI) and re-run elaboration/synthesis.
Parsing XDC File [c:/Users/gsfei/OneDrive/Desktop/networkaccel_project/vivado/vivado.gen/sources_1/bd/mac_udp_design/ip/mac_udp_design_smartconnect_0_1/smartconnect.xdc] for cell 'inst'
Finished Parsing XDC File [c:/Users/gsfei/OneDrive/Desktop/networkaccel_project/vivado/vivado.gen/sources_1/bd/mac_udp_design/ip/mac_udp_design_smartconnect_0_1/smartconnect.xdc] for cell 'inst'
Parsing XDC File [C:/Users/gsfei/OneDrive/Desktop/networkaccel_project/vivado/vivado.runs/mac_udp_design_smartconnect_0_1_synth_1/dont_touch.xdc]
Finished Parsing XDC File [C:/Users/gsfei/OneDrive/Desktop/networkaccel_project/vivado/vivado.runs/mac_udp_design_smartconnect_0_1_synth_1/dont_touch.xdc]
INFO: [Project 1-236] Implementation specific constraints were found while reading constraint file [C:/Xilinx/Vivado/2024.2/data/ip/xpm/xpm_memory/tcl/xpm_memory_xdc.tcl]. These constraints will be ignored for synthesis but will be used in implementation. Impacted constraints are listed in the file [.Xil/mac_udp_design_smartconnect_0_1_propImpl.xdc].
Resolution: To avoid this warning, move constraints listed in [.Xil/mac_udp_design_smartconnect_0_1_propImpl.xdc] to another XDC file and exclude this new file from synthesis with the used_in_synthesis property (File Properties dialog in GUI) and re-run elaboration/synthesis.
INFO: [Project 1-1714] 10 XPM XDC files have been applied to the design.
Completed Processing XDC Constraints

Netlist sorting complete. Time (s): cpu = 00:00:00 ; elapsed = 00:00:00.004 . Memory (MB): peak = 1490.879 ; gain = 0.000
INFO: [Project 1-111] Unisim Transformation Summary:
  A total of 13 instances were transformed.
  FDR => FDRE: 12 instances
  SRL16 => SRL16E: 1 instance 

Constraint Validation Runtime : Time (s): cpu = 00:00:01 ; elapsed = 00:00:00.147 . Memory (MB): peak = 1509.000 ; gain = 18.121
INFO: [Designutils 20-5008] Incremental synthesis strategy off
---------------------------------------------------------------------------------
Finished Constraint Validation : Time (s): cpu = 00:00:29 ; elapsed = 00:00:30 . Memory (MB): peak = 1509.000 ; gain = 896.512
---------------------------------------------------------------------------------
---------------------------------------------------------------------------------
Start Loading Part and Timing Information
---------------------------------------------------------------------------------
Loading part: xc7z020clg400-1
---------------------------------------------------------------------------------
Finished Loading Part and Timing Information : Time (s): cpu = 00:00:29 ; elapsed = 00:00:30 . Memory (MB): peak = 1509.000 ; gain = 896.512
---------------------------------------------------------------------------------
---------------------------------------------------------------------------------
Start Applying 'set_property' XDC Constraints
---------------------------------------------------------------------------------
Applied set_property KEEP_HIERARCHY = SOFT for inst. (constraint file  C:/Users/gsfei/OneDrive/Desktop/networkaccel_project/vivado/vivado.runs/mac_udp_design_smartconnect_0_1_synth_1/dont_touch.xdc, line 56).
Applied set_property KEEP_HIERARCHY = SOFT for inst/s00_nodes/s00_ar_node/inst/m_sc_xpm_cdc_async_rst_inst. (constraint file  auto generated constraint).
Applied set_property KEEP_HIERARCHY = SOFT for inst/s00_nodes/s00_r_node/inst/m_sc_xpm_cdc_async_rst_inst. (constraint file  auto generated constraint).
Applied set_property KEEP_HIERARCHY = SOFT for inst/s00_nodes/s00_ar_node/inst/s_sc_xpm_cdc_async_rst_inst. (constraint file  auto generated constraint).
Applied set_property KEEP_HIERARCHY = SOFT for inst/s00_nodes/s00_r_node/inst/s_sc_xpm_cdc_async_rst_inst. (constraint file  auto generated constraint).
Applied set_property KEEP_HIERARCHY = SOFT for inst/m00_exit_pipeline/m00_exit/inst/xpm_cdc_async_rst_inst. (constraint file  auto generated constraint).
Applied set_property KEEP_HIERARCHY = SOFT for inst/s00_entry_pipeline/s00_mmu/inst/xpm_cdc_async_rst_inst. (constraint file  auto generated constraint).
Applied set_property KEEP_HIERARCHY = SOFT for inst/s00_entry_pipeline/s00_si_converter/inst/xpm_cdc_async_rst_inst. (constraint file  auto generated constraint).
Applied set_property KEEP_HIERARCHY = SOFT for inst/s00_entry_pipeline/s00_transaction_regulator/inst/xpm_cdc_async_rst_inst. (constraint file  auto generated constraint).
Applied set_property KEEP_HIERARCHY = SOFT for inst/s00_nodes/s00_ar_node/inst/inst_mi_handler/\gen_normal_area.inst_fifo_node_payld /\gen_xpm_memory_fifo.inst_fifo /\gen_mem_rep[0].inst_xpm_memory . (constraint file  auto generated constraint).
Applied set_property KEEP_HIERARCHY = SOFT for inst/s00_nodes/s00_r_node/inst/inst_mi_handler/\gen_normal_area.inst_fifo_node_payld /\gen_xpm_memory_fifo.inst_fifo /\gen_mem_rep[0].inst_xpm_memory . (constraint file  auto generated constraint).
---------------------------------------------------------------------------------
Finished applying 'set_property' XDC Constraints : Time (s): cpu = 00:00:29 ; elapsed = 00:00:30 . Memory (MB): peak = 1509.000 ; gain = 896.512
---------------------------------------------------------------------------------
INFO: [Synth 8-4490] FSM extraction disabled for register 'gen_pipelined.state_reg' through user attribute
INFO: [Synth 8-4490] FSM extraction disabled for register 'gen_pipelined.state_reg' through user attribute
INFO: [Synth 8-4490] FSM extraction disabled for register 'gen_pipelined.state_reg' through user attribute
INFO: [Synth 8-4490] FSM extraction disabled for register 'gen_pipelined.state_reg' through user attribute
INFO: [Synth 8-4490] FSM extraction disabled for register 'gen_pipelined.state_reg' through user attribute
INFO: [Synth 8-4490] FSM extraction disabled for register 'gen_pipelined.state_reg' through user attribute
INFO: [Synth 8-4490] FSM extraction disabled for register 'gen_pipelined.state_reg' through user attribute
INFO: [Synth 8-4490] FSM extraction disabled for register 'gen_pipelined.state_reg' through user attribute
INFO: [Synth 8-4490] FSM extraction disabled for register 'gen_pipelined.state_reg' through user attribute
INFO: [Synth 8-4490] FSM extraction disabled for register 'gen_pipelined.state_reg' through user attribute
INFO: [Synth 8-802] inferred FSM for state register 'gen_axi.gen_write.write_cs_reg' in module 'sc_mmu_v1_0_14_decerr_slave'
INFO: [Synth 8-802] inferred FSM for state register 'gen_endpoint.w_state_reg' in module 'sc_mmu_v1_0_14_top'
INFO: [Synth 8-4490] FSM extraction disabled for register 'gen_pipelined.state_reg' through user attribute
INFO: [Synth 8-4490] FSM extraction disabled for register 'gen_pipelined.state_reg' through user attribute
---------------------------------------------------------------------------------------------------
                   State |                     New Encoding |                Previous Encoding 
---------------------------------------------------------------------------------------------------
            P_WRITE_IDLE |                              001 |                               00
            P_WRITE_DATA |                              010 |                               01
            P_WRITE_RESP |                              100 |                               10
---------------------------------------------------------------------------------------------------
INFO: [Synth 8-3354] encoded FSM with state register 'gen_axi.gen_write.write_cs_reg' using encoding 'one-hot' in module 'sc_mmu_v1_0_14_decerr_slave'
---------------------------------------------------------------------------------------------------
                   State |                     New Encoding |                Previous Encoding 
---------------------------------------------------------------------------------------------------
                  iSTATE |                               00 | 00000000000000000000000000000000
*
                 W_STALL |                               01 | 00000000000000000000000000000001
               W_PENDING |                               10 | 00000000000000000000000000000010
                W_DECERR |                               11 | 00000000000000000000000000000011
---------------------------------------------------------------------------------------------------
INFO: [Synth 8-3354] encoded FSM with state register 'gen_endpoint.w_state_reg' using encoding 'sequential' in module 'sc_mmu_v1_0_14_top'
---------------------------------------------------------------------------------
Finished RTL Optimization Phase 2 : Time (s): cpu = 00:00:31 ; elapsed = 00:00:32 . Memory (MB): peak = 1509.000 ; gain = 896.512
---------------------------------------------------------------------------------
---------------------------------------------------------------------------------
Start RTL Component Statistics 
---------------------------------------------------------------------------------
Detailed RTL Component Info : 
+---Adders : 
	   2 Input   32 Bit       Adders := 2     
	   2 Input    8 Bit       Adders := 3     
	   3 Input    8 Bit       Adders := 2     
	   2 Input    7 Bit       Adders := 2     
	   2 Input    6 Bit       Adders := 13    
	   2 Input    5 Bit       Adders := 5     
	   2 Input    4 Bit       Adders := 10    
	   3 Input    1 Bit       Adders := 1     
+---XORs : 
	   2 Input      1 Bit         XORs := 22    
+---Registers : 
	             2178 Bit    Registers := 4     
	              512 Bit    Registers := 2     
	              156 Bit    Registers := 1     
	               69 Bit    Registers := 1     
	               64 Bit    Registers := 4     
	               47 Bit    Registers := 1     
	               33 Bit    Registers := 1     
	               32 Bit    Registers := 1     
	               16 Bit    Registers := 2     
	               14 Bit    Registers := 1     
	                9 Bit    Registers := 1     
	                8 Bit    Registers := 8     
	                7 Bit    Registers := 4     
	                6 Bit    Registers := 7     
	                5 Bit    Registers := 5     
	                4 Bit    Registers := 14    
	                3 Bit    Registers := 21    
	                2 Bit    Registers := 2     
	                1 Bit    Registers := 94    
+---Muxes : 
	   2 Input 2178 Bit        Muxes := 3     
	   2 Input  512 Bit        Muxes := 2     
	   2 Input   64 Bit        Muxes := 4     
	   2 Input   47 Bit        Muxes := 1     
	   2 Input   33 Bit        Muxes := 1     
	   2 Input   32 Bit        Muxes := 6     
	   2 Input   14 Bit        Muxes := 1     
	   2 Input    9 Bit        Muxes := 1     
	   2 Input    8 Bit        Muxes := 11    
	   2 Input    7 Bit        Muxes := 20    
	   2 Input    6 Bit        Muxes := 3     
	   2 Input    4 Bit        Muxes := 4     
	   4 Input    3 Bit        Muxes := 8     
	   2 Input    3 Bit        Muxes := 10    
	   2 Input    2 Bit        Muxes := 20    
	   3 Input    2 Bit        Muxes := 1     
	   4 Input    2 Bit        Muxes := 1     
	   2 Input    1 Bit        Muxes := 60    
	   6 Input    1 Bit        Muxes := 44    
	  12 Input    1 Bit        Muxes := 8     
	   5 Input    1 Bit        Muxes := 10    
	   3 Input    1 Bit        Muxes := 8     
	   4 Input    1 Bit        Muxes := 4     
	   7 Input    1 Bit        Muxes := 2     
---------------------------------------------------------------------------------
Finished RTL Component Statistics 
---------------------------------------------------------------------------------
---------------------------------------------------------------------------------
Start Part Resource Summary
---------------------------------------------------------------------------------
Part Resources:
DSPs: 220 (col length:60)
BRAMs: 280 (col length: RAMB18 60 RAMB36 30)
---------------------------------------------------------------------------------
Finished Part Resource Summary
---------------------------------------------------------------------------------
---------------------------------------------------------------------------------
Start Cross Boundary and Area Optimization
---------------------------------------------------------------------------------
WARNING: [Synth 8-7080] Parallel synthesis criteria is not met
WARNING: [Synth 8-3332] Sequential element (clk_map/psr_aclk/U0/EXT_LPF/ACTIVE_LOW_EXT.ACT_LO_EXT/GENERATE_LEVEL_P_S_CDC.SINGLE_BIT.CROSS_PLEVEL_IN2SCNDRY_IN_cdc_to) is unused and will be removed from module bd_1adb.
WARNING: [Synth 8-3332] Sequential element (clk_map/psr_aclk/U0/EXT_LPF/ACTIVE_LOW_EXT.ACT_LO_EXT/GENERATE_LEVEL_P_S_CDC.SINGLE_BIT.CROSS_PLEVEL_IN2SCNDRY_s_level_out_d2) is unused and will be removed from module bd_1adb.
WARNING: [Synth 8-3332] Sequential element (clk_map/psr_aclk/U0/EXT_LPF/ACTIVE_LOW_EXT.ACT_LO_EXT/GENERATE_LEVEL_P_S_CDC.SINGLE_BIT.CROSS_PLEVEL_IN2SCNDRY_s_level_out_d3) is unused and will be removed from module bd_1adb.
WARNING: [Synth 8-3332] Sequential element (clk_map/psr_aclk/U0/EXT_LPF/ACTIVE_LOW_EXT.ACT_LO_EXT/GENERATE_LEVEL_P_S_CDC.SINGLE_BIT.CROSS_PLEVEL_IN2SCNDRY_s_level_out_d4) is unused and will be removed from module bd_1adb.
WARNING: [Synth 8-3332] Sequential element (clk_map/psr_aclk/U0/EXT_LPF/ACTIVE_LOW_EXT.ACT_LO_EXT/GENERATE_LEVEL_P_S_CDC.SINGLE_BIT.CROSS_PLEVEL_IN2SCNDRY_s_level_out_d5) is unused and will be removed from module bd_1adb.
WARNING: [Synth 8-3332] Sequential element (clk_map/psr_aclk/U0/EXT_LPF/ACTIVE_LOW_EXT.ACT_LO_EXT/GENERATE_LEVEL_P_S_CDC.SINGLE_BIT.CROSS_PLEVEL_IN2SCNDRY_s_level_out_d6) is unused and will be removed from module bd_1adb.
WARNING: [Synth 8-3332] Sequential element (clk_map/psr_aclk/U0/EXT_LPF/ACTIVE_LOW_AUX.ACT_LO_AUX/GENERATE_LEVEL_P_S_CDC.SINGLE_BIT.CROSS_PLEVEL_IN2SCNDRY_s_level_out_d5) is unused and will be removed from module bd_1adb.
WARNING: [Synth 8-3332] Sequential element (clk_map/psr_aclk/U0/EXT_LPF/ACTIVE_LOW_AUX.ACT_LO_AUX/GENERATE_LEVEL_P_S_CDC.SINGLE_BIT.CROSS_PLEVEL_IN2SCNDRY_s_level_out_d6) is unused and will be removed from module bd_1adb.
WARNING: [Synth 8-3332] Sequential element (clk_map/psr_aclk/U0/FDRE_inst) is unused and will be removed from module bd_1adb.
WARNING: [Synth 8-3332] Sequential element (clk_map/psr_aclk/U0/BSR_OUT_DFF[0].FDRE_BSR) is unused and will be removed from module bd_1adb.
WARNING: [Synth 8-3332] Sequential element (clk_map/psr_aclk/U0/PR_OUT_DFF[0].FDRE_PER) is unused and will be removed from module bd_1adb.
WARNING: [Synth 8-3332] Sequential element (clk_map/psr_aclk/U0/ACTIVE_LOW_PR_OUT_DFF[0].FDRE_PER_N) is unused and will be removed from module bd_1adb.
INFO: [Synth 8-3332] Sequential element (gen_endpoint.decerr_slave_inst/FSM_onehot_gen_axi.gen_write.write_cs_reg[2]) is unused and will be removed from module sc_mmu_v1_0_14_top.
INFO: [Synth 8-3332] Sequential element (gen_endpoint.decerr_slave_inst/FSM_onehot_gen_axi.gen_write.write_cs_reg[1]) is unused and will be removed from module sc_mmu_v1_0_14_top.
INFO: [Synth 8-3332] Sequential element (gen_endpoint.decerr_slave_inst/FSM_onehot_gen_axi.gen_write.write_cs_reg[0]) is unused and will be removed from module sc_mmu_v1_0_14_top.
INFO: [Synth 8-3332] Sequential element (FSM_sequential_gen_endpoint.w_state_reg[1]) is unused and will be removed from module sc_mmu_v1_0_14_top.
INFO: [Synth 8-3332] Sequential element (FSM_sequential_gen_endpoint.w_state_reg[0]) is unused and will be removed from module sc_mmu_v1_0_14_top.
---------------------------------------------------------------------------------
Finished Cross Boundary and Area Optimization : Time (s): cpu = 00:00:39 ; elapsed = 00:00:40 . Memory (MB): peak = 1509.000 ; gain = 896.512
---------------------------------------------------------------------------------
---------------------------------------------------------------------------------
Start ROM, RAM, DSP, Shift Register and Retiming Reporting
---------------------------------------------------------------------------------

Distributed RAM: Preliminary Mapping Report (see note below)
+---------------------------------------------------------------------------------------------------------------------------------------------------------------------------+----------------------------------+----------------+----------------------+--------------+
|Module Name                                                                                                                                                                | RTL Object                       | Inference      | Size (Depth x Width) | Primitives   | 
+---------------------------------------------------------------------------------------------------------------------------------------------------------------------------+----------------------------------+----------------+----------------------+--------------+
|inst/\s00_nodes/s00_ar_node/inst /\inst_mi_handler/gen_normal_area.inst_fifo_node_payld/gen_xpm_memory_fifo.inst_fifo/gen_mem_rep[0].inst_xpm_memory /xpm_memory_base_inst | gen_wr_a.gen_word_narrow.mem_reg | User Attribute | 32 x 156             | RAM32M x 26  | 
|inst/\s00_nodes/s00_r_node/inst /\inst_mi_handler/gen_normal_area.inst_fifo_node_payld/gen_xpm_memory_fifo.inst_fifo/gen_mem_rep[0].inst_xpm_memory /xpm_memory_base_inst  | gen_wr_a.gen_word_narrow.mem_reg | User Attribute | 32 x 69              | RAM32M x 12  | 
+---------------------------------------------------------------------------------------------------------------------------------------------------------------------------+----------------------------------+----------------+----------------------+--------------+

Note: The table above is a preliminary report that shows the Distributed RAMs at the current stage of the synthesis flow. Some Distributed RAMs may be reimplemented as non Distributed RAM primitives later in the synthesis flow. Multiple instantiated RAMs are reported only once.
---------------------------------------------------------------------------------
Finished ROM, RAM, DSP, Shift Register and Retiming Reporting
---------------------------------------------------------------------------------
---------------------------------------------------------------------------------
Start Applying XDC Timing Constraints
---------------------------------------------------------------------------------
---------------------------------------------------------------------------------
Finished Applying XDC Timing Constraints : Time (s): cpu = 00:00:44 ; elapsed = 00:00:46 . Memory (MB): peak = 1509.000 ; gain = 896.512
---------------------------------------------------------------------------------
---------------------------------------------------------------------------------
Start Timing Optimization
---------------------------------------------------------------------------------
---------------------------------------------------------------------------------
Finished Timing Optimization : Time (s): cpu = 00:00:45 ; elapsed = 00:00:47 . Memory (MB): peak = 1509.000 ; gain = 896.512
---------------------------------------------------------------------------------
---------------------------------------------------------------------------------
Start ROM, RAM, DSP, Shift Register and Retiming Reporting
---------------------------------------------------------------------------------

Distributed RAM: Final Mapping Report
+---------------------------------------------------------------------------------------------------------------------------------------------------------------------------+----------------------------------+----------------+----------------------+--------------+
|Module Name                                                                                                                                                                | RTL Object                       | Inference      | Size (Depth x Width) | Primitives   | 
+---------------------------------------------------------------------------------------------------------------------------------------------------------------------------+----------------------------------+----------------+----------------------+--------------+
|inst/\s00_nodes/s00_ar_node/inst /\inst_mi_handler/gen_normal_area.inst_fifo_node_payld/gen_xpm_memory_fifo.inst_fifo/gen_mem_rep[0].inst_xpm_memory /xpm_memory_base_inst | gen_wr_a.gen_word_narrow.mem_reg | User Attribute | 32 x 156             | RAM32M x 26  | 
|inst/\s00_nodes/s00_r_node/inst /\inst_mi_handler/gen_normal_area.inst_fifo_node_payld/gen_xpm_memory_fifo.inst_fifo/gen_mem_rep[0].inst_xpm_memory /xpm_memory_base_inst  | gen_wr_a.gen_word_narrow.mem_reg | User Attribute | 32 x 69              | RAM32M x 12  | 
+---------------------------------------------------------------------------------------------------------------------------------------------------------------------------+----------------------------------+----------------+----------------------+--------------+

---------------------------------------------------------------------------------
Finished ROM, RAM, DSP, Shift Register and Retiming Reporting
---------------------------------------------------------------------------------
---------------------------------------------------------------------------------
Start Technology Mapping
---------------------------------------------------------------------------------
---------------------------------------------------------------------------------
Finished Technology Mapping : Time (s): cpu = 00:00:46 ; elapsed = 00:00:47 . Memory (MB): peak = 1509.000 ; gain = 896.512
---------------------------------------------------------------------------------
---------------------------------------------------------------------------------
Start IO Insertion
---------------------------------------------------------------------------------
---------------------------------------------------------------------------------
Start Flattening Before IO Insertion
---------------------------------------------------------------------------------
---------------------------------------------------------------------------------
Finished Flattening Before IO Insertion
---------------------------------------------------------------------------------
---------------------------------------------------------------------------------
Start Final Netlist Cleanup
---------------------------------------------------------------------------------
---------------------------------------------------------------------------------
Finished Final Netlist Cleanup
---------------------------------------------------------------------------------
---------------------------------------------------------------------------------
Finished IO Insertion : Time (s): cpu = 00:00:50 ; elapsed = 00:00:52 . Memory (MB): peak = 1697.355 ; gain = 1084.867
---------------------------------------------------------------------------------
---------------------------------------------------------------------------------
Start Renaming Generated Instances
---------------------------------------------------------------------------------
---------------------------------------------------------------------------------
Finished Renaming Generated Instances : Time (s): cpu = 00:00:50 ; elapsed = 00:00:52 . Memory (MB): peak = 1697.355 ; gain = 1084.867
---------------------------------------------------------------------------------
---------------------------------------------------------------------------------
Start Rebuilding User Hierarchy
---------------------------------------------------------------------------------
---------------------------------------------------------------------------------
Finished Rebuilding User Hierarchy : Time (s): cpu = 00:00:50 ; elapsed = 00:00:52 . Memory (MB): peak = 1697.355 ; gain = 1084.867
---------------------------------------------------------------------------------
---------------------------------------------------------------------------------
Start Renaming Generated Ports
---------------------------------------------------------------------------------
---------------------------------------------------------------------------------
Finished Renaming Generated Ports : Time (s): cpu = 00:00:50 ; elapsed = 00:00:52 . Memory (MB): peak = 1697.355 ; gain = 1084.867
---------------------------------------------------------------------------------
---------------------------------------------------------------------------------
Start Handling Custom Attributes
---------------------------------------------------------------------------------
---------------------------------------------------------------------------------
Finished Handling Custom Attributes : Time (s): cpu = 00:00:50 ; elapsed = 00:00:52 . Memory (MB): peak = 1697.355 ; gain = 1084.867
---------------------------------------------------------------------------------
---------------------------------------------------------------------------------
Start Renaming Generated Nets
---------------------------------------------------------------------------------
---------------------------------------------------------------------------------
Finished Renaming Generated Nets : Time (s): cpu = 00:00:50 ; elapsed = 00:00:52 . Memory (MB): peak = 1697.355 ; gain = 1084.867
---------------------------------------------------------------------------------
---------------------------------------------------------------------------------
Start ROM, RAM, DSP, Shift Register and Retiming Reporting
---------------------------------------------------------------------------------

Dynamic Shift Register Report:
+------------+---------------+--------+------------+--------+---------+--------+--------+--------+
|Module Name | RTL Name      | Length | Data Width | SRL16E | SRLC32E | Mux F7 | Mux F8 | Mux F9 | 
+------------+---------------+--------+------------+--------+---------+--------+--------+--------+
|dsrl        | shift_reg_reg | 16     | 1          | 1      | 0       | 0      | 0      | 0      | 
|dsrl__112   | shift_reg_reg | 16     | 1          | 1      | 0       | 0      | 0      | 0      | 
+------------+---------------+--------+------------+--------+---------+--------+--------+--------+

---------------------------------------------------------------------------------
Finished ROM, RAM, DSP, Shift Register and Retiming Reporting
---------------------------------------------------------------------------------
---------------------------------------------------------------------------------
Start Writing Synthesis Report
---------------------------------------------------------------------------------

Report BlackBoxes: 
+-+--------------+----------+
| |BlackBox name |Instances |
+-+--------------+----------+
+-+--------------+----------+

Report Cell Usage: 
+------+-------+------+
|      |Cell   |Count |
+------+-------+------+
|1     |CARRY4 |    16|
|2     |LUT1   |    36|
|3     |LUT2   |    28|
|4     |LUT3   |    90|
|5     |LUT4   |    53|
|6     |LUT5   |    50|
|7     |LUT6   |   147|
|8     |RAM32M |    20|
|9     |SRL16  |     1|
|10    |SRL16E |     5|
|11    |FDCE   |    24|
|12    |FDR    |     4|
|13    |FDRE   |   308|
|14    |FDSE   |    18|
+------+-------+------+
---------------------------------------------------------------------------------
Finished Writing Synthesis Report : Time (s): cpu = 00:00:51 ; elapsed = 00:00:52 . Memory (MB): peak = 1697.355 ; gain = 1084.867
---------------------------------------------------------------------------------
Synthesis finished with 0 errors, 0 critical warnings and 12442 warnings.
Synthesis Optimization Runtime : Time (s): cpu = 00:00:29 ; elapsed = 00:00:43 . Memory (MB): peak = 1697.355 ; gain = 849.926
Synthesis Optimization Complete : Time (s): cpu = 00:00:51 ; elapsed = 00:00:53 . Memory (MB): peak = 1697.355 ; gain = 1084.867
INFO: [Project 1-571] Translating synthesized netlist
Netlist sorting complete. Time (s): cpu = 00:00:00 ; elapsed = 00:00:00.097 . Memory (MB): peak = 1697.355 ; gain = 0.000
INFO: [Netlist 29-17] Analyzing 41 Unisim elements for replacement
INFO: [Netlist 29-28] Unisim Transformation completed in 0 CPU seconds
INFO: [Project 1-570] Preparing netlist for logic optimization
INFO: [Opt 31-138] Pushed 0 inverter(s) to 0 load pin(s).
Netlist sorting complete. Time (s): cpu = 00:00:00 ; elapsed = 00:00:00 . Memory (MB): peak = 1702.469 ; gain = 0.000
INFO: [Project 1-111] Unisim Transformation Summary:
  A total of 25 instances were transformed.
  FDR => FDRE: 4 instances
  RAM32M => RAM32M (RAMD32(x6), RAMS32(x2)): 20 instances
  SRL16 => SRL16E: 1 instance 

Synth Design complete | Checksum: 289eb48f
INFO: [Common 17-83] Releasing license: Synthesis
121 Infos, 121 Warnings, 0 Critical Warnings and 0 Errors encountered.
synth_design completed successfully
synth_design: Time (s): cpu = 00:00:55 ; elapsed = 00:00:58 . Memory (MB): peak = 1702.469 ; gain = 1337.277
Write ShapeDB Complete: Time (s): cpu = 00:00:00 ; elapsed = 00:00:00.003 . Memory (MB): peak = 1702.469 ; gain = 0.000
INFO: [Common 17-1381] The checkpoint 'C:/Users/gsfei/OneDrive/Desktop/networkaccel_project/vivado/vivado.runs/mac_udp_design_smartconnect_0_1_synth_1/mac_udp_design_smartconnect_0_1.dcp' has been generated.
INFO: [Coretcl 2-1648] Added synthesis output to IP cache for IP mac_udp_design_smartconnect_0_1, cache-ID = 632741689e347178
INFO: [Coretcl 2-1174] Renamed 64 cell refs.
Write ShapeDB Complete: Time (s): cpu = 00:00:00 ; elapsed = 00:00:00.004 . Memory (MB): peak = 1702.469 ; gain = 0.000
INFO: [Common 17-1381] The checkpoint 'C:/Users/gsfei/OneDrive/Desktop/networkaccel_project/vivado/vivado.runs/mac_udp_design_smartconnect_0_1_synth_1/mac_udp_design_smartconnect_0_1.dcp' has been generated.
INFO: [Vivado 12-24828] Executing command : report_utilization -file mac_udp_design_smartconnect_0_1_utilization_synth.rpt -pb mac_udp_design_smartconnect_0_1_utilization_synth.pb
INFO: [Common 17-206] Exiting Vivado at Tue Jun 24 13:43:04 2025...
